Region,Year,Month,SoilTemperature-10,SoilTemperature-30,SoilTemperature-50,Rainfall,Temperature,Min Temperature,Max Temperature,Humidity,Sunshine,Wind Speed,Surface Pressure,Solar Radiation
2,2001,1,17.4,18.81,19.43,0,18.38,13.04,25.44,62.68,7.94,2.17,101268.29,199.25
2,2001,2,19.88,19.98,20.36,1,22.61,16.9,28.56,61.71,7.19,1.98,101039.08,210.73
2,2001,3,24.08,23.32,23.17,33,26.62,20.73,31.84,55.48,8.75,2.1,100882.56,251.75
2,2001,4,27.62,27.02,26.77,46,29.06,24.71,32.06,65.63,8.55,2.7,100655.4,257.46
2,2001,5,28.54,28.29,28.21,402,27.69,24.18,32.09,77.39,6.1,2.37,100234.63,172.32
2,2001,6,30.11,29.82,29.64,386,28.03,25.55,31.75,83.17,3.51,3.64,99934.18,140.45
2,2001,7,30.74,30.53,30.64,202,28.83,25.92,31.6,80.26,4.55,3.87,99991.05,169.4
2,2001,8,30.99,30.99,30.86,205,29.46,25.23,31.5,82.19,5.15,3.01,100129.68,181.66
2,2001,9,29.83,29.89,29.95,209,28.71,24.34,32.42,82.53,4.65,2.14,100499.17,170.22
2,2001,10,28,28.29,28.5,177,27.63,22.83,31.44,80.45,5.6,1.59,100864.38,167.89
2,2001,11,24.83,25.77,26.23,18,24.51,19.31,28.89,79.43,6.4,1.46,101288.73,157.26
2,2001,12,19.87,21.19,22.04,0,19.85,14.89,26.07,76.61,7.19,1.9,101580.18,179.73
2,2002,1,18.45,19.53,20.1,22,19.71,14.65,21.76,66.97,7.41,1.83,101455.64,179.31
2,2002,2,20.55,20.73,20.95,4,22.56,16.74,27.97,59.11,8.81,2.14,101431.43,226.42
2,2002,3,24.37,23.65,23.49,51,26.25,20.28,30.02,55.55,7.84,2.05,100946.94,239.38
2,2002,4,26.09,25.87,25.74,111,27.56,22.44,34.02,71.83,8.2,2.84,100670.35,217.97
2,2002,5,28.33,27.91,27.71,272,27.84,23.92,33.99,75.55,5.62,2.92,100199.37,172.48
2,2002,6,29.48,29.28,29.14,373,28.32,25.79,31.41,82.13,2.54,3.25,100092.5,132.73
2,2002,7,29.52,29.48,29.5,446,28.52,25.17,32.41,84.39,1.78,3.25,99955.28,135.39
2,2002,8,30.41,30.17,30.09,272,28.62,25.26,32.49,82.87,4.33,3.03,100136.52,161.44
2,2002,9,30.26,30.33,30.41,156,28.92,25.34,31.69,77.73,5.5,2.39,100561.61,179.65
2,2002,10,28.31,28.6,28.84,52,27.36,22.99,31.24,78.1,6.72,1.47,100943.47,181.46
2,2002,11,24.3,25.12,25.69,36,24.02,19.82,29.75,72.8,6.62,1.73,101161.79,166.52
2,2002,12,20.71,22.01,22.62,0,20.29,15.98,25.9,70.74,6.34,1.79,101399.14,169.77
2,2003,1,16.75,18.2,19.01,0,16.24,11.72,21.76,80.9,5.22,2.08,101573.08,192.07
2,2003,2,19.98,19.92,20.11,25,22.15,16.94,27.97,67.61,7.4,1.96,101323.11,210.93
2,2003,3,26.69,26.27,26.08,96,24.44,25.81,31.41,61.45,7.17,2.03,101036.27,226.34
2,2003,4,29.18,28.67,28.4,123,28.91,19.41,30.02,69.07,8.03,2.67,100683.45,230.09
2,2003,5,30.81,30.46,30.26,140,29.46,24.05,34.02,72.03,7.4,2.93,100317.22,235.82
2,2003,6,31.56,31.31,31.19,473,28.38,16.41,25.9,75.13,2.07,3.64,99921.2,134.09
2,2003,7,30.62,30.71,30.76,191,29.33,24.38,33.99,82.19,5.04,3.68,100177.74,173.26
2,2003,8,28.07,28.46,28.77,202,29.43,26.43,32.41,78.45,5.7,3.32,100186.13,181.79
2,2003,9,24.09,25.04,25.63,264,28.48,26.55,32.49,79.1,3.66,2.41,100456.55,166.77
2,2003,10,20.18,21.39,22.09,134,27.76,24.94,31.69,84.1,4.73,1.62,100947.15,168.33
2,2003,11,29.74,29.47,29.36,0,23.99,25.04,31.24,75.2,8.29,1.71,101296.67,190.69
2,2003,12,23.08,22.8,22.78,45,20.53,19.42,29.75,67.52,5.85,1.85,101500.57,154.93
2,2004,1,17.87,19.03,19.56,0,18.24,14,9.47,75.68,5.31,1.92,101426.39,183.07
2,2004,2,19.55,19.83,20.13,0,21.84,15.99,8.54,66.45,7.61,2.01,101236.78,216.97
2,2004,3,24.61,24.08,23.85,9,27.14,22.42,9,58.16,7.58,3.05,100831.18,239.01
2,2004,4,26.04,25.98,25.95,167,27.85,23.87,8.1,68.37,6.45,3.15,100588.09,198.09
2,2004,5,29.05,28.64,28.4,162,30.43,26.33,5.86,68.97,7.84,3.12,100205.31,231.22
2,2004,6,29.93,29.57,29.43,476,28.51,25.03,3.81,72.57,2.87,2.91,100098.36,163.49
2,2004,7,29.33,29.1,29.23,295,28.62,25.44,4.27,81,3.75,3.71,100114.48,145.1
2,2004,8,30.64,30.47,30.44,191,29.14,26.51,6.06,81.48,5.58,3.6,100050.98,168.67
2,2004,9,29.18,29.4,29.54,839,27.66,25.54,6.23,79.7,2.73,2.96,100553.22,150.34
2,2004,10,26.92,27.43,27.64,208,26.87,23.31,6.35,84.42,6.64,1.94,101119.65,186.9
2,2004,11,23.35,24.43,25.05,0,23.43,18.63,6.64,72.6,7.77,1.57,101318.64,190.93
2,2004,12,20.2,21.45,22.23,0,20.96,16.23,7.93,69.16,6.66,1.7,101405.62,163.11
2,2005,1,18.02,19.17,19.83,1,19.04,14.18,24.52,71.19,6.26,2.04,101398.8,180.21
2,2005,2,20.39,20.58,20.76,3,23.42,18.34,29.1,67.68,7.94,2.39,101210.16,214.14
2,2005,3,24.24,23.83,23.83,155,26.92,22.41,32.21,60.52,6.98,2.5,100952.81,230.16
2,2005,4,27.41,26.9,26.62,91,28.97,24.13,34.44,66.87,8.44,2.52,100832.86,251.93
2,2005,5,28.16,27.89,27.76,291,28.65,24.21,33.24,66.61,7.79,2.66,100385.34,214.19
2,2005,6,30.69,30.16,29.98,259,29.73,26.84,33.42,74.07,3.19,3.3,99912.21,193.63
2,2005,7,30.18,29.82,29.85,542,28.61,25.82,31.45,78.97,4.08,3.62,100102.49,167.9
2,2005,8,30.42,30.4,30.43,361,29,26.67,32.08,81,3.46,2.96,100062.65,170.18
2,2005,9,30.71,30.58,30.55,514,28.89,26.01,32.8,82.67,4.84,1.97,100481.66,170.8
2,2005,10,26.84,27.51,27.86,417,26.99,24.36,30.57,81.52,4.59,1.71,100971.43,150.98
2,2005,11,23.43,24.37,24.9,3,23.87,19.8,29.07,81.6,6.63,1.65,101182.48,184.25
2,2005,12,19.66,20.89,21.54,0,20.93,15.65,27.07,72.26,7,1.99,101292.7,176.76
2,2006,1,18.22,19.09,19.68,0,18.93,13.46,25.32,67.16,5.34,2.07,101344.03,195.67
2,2006,2,21.12,21,21.09,0,24.88,19.42,31.25,70.18,6.11,2.2,101091.8,219.88
2,2006,3,23.72,23.42,23.3,0,27.44,21.95,33.2,65.06,7.3,2.15,100862.3,254.85
2,2006,4,26.4,25.78,25.55,181,28.59,23.81,33.74,56.67,7.81,2.68,100591.83,239.63
2,2006,5,28.91,28.34,27.96,185,29.08,24.95,33.76,65.39,6.46,2.56,100387.82,203.17
2,2006,6,29.33,29.19,29.11,326,29.09,26.13,32.39,67.8,1.91,3.05,100136.91,188.75
2,2006,7,31.07,30.71,30.56,331,29.2,26.69,32.38,82.45,4.8,3.59,99938.95,160.62
2,2006,8,31.41,31.31,31.28,167,29.15,26.54,32.54,79.61,6.23,3.29,100153.22,179.64
2,2006,9,29.36,29.48,29.62,663,28.48,25.82,31.92,76.93,5.12,2.58,100537.42,182.16
2,2006,10,28,28.25,28.54,61,27.95,24.67,32.26,79.77,5.06,1.39,101019.85,191.88
2,2006,11,23.17,24.52,25.37,5,24.28,19.93,29.66,79.47,5.96,1.77,101216.1,169.25
2,2006,12,19.61,20.84,21.83,0,20.63,15.84,26.88,70.42,5.52,1.71,101427.28,174.16
2,2007,1,17.09,18.4,19.35,0,18,12.48,24.56,68,5.67,1.97,101517.88,196.94
2,2007,2,20.22,20.7,21.15,30,21.51,16.75,27.11,68.57,5.67,1.82,101306.2,189.81
2,2007,3,29.62,28.54,28.2,11,25.41,19.61,31.49,71.68,8.24,2.11,100980.18,258.24
2,2007,4,31.08,30.33,30.01,163,28.13,23.68,33.66,57.83,6.41,3.2,100702.49,231.71
2,2007,5,29.9,29.93,30.01,185,30.05,25.9,34.76,60.87,7.84,2.5,100302.12,222.75
2,2007,6,31,30.57,30.46,628,28.65,25.54,32.49,70.03,4.69,3.59,100071.47,155.28
2,2007,7,29.1,29.97,30.21,753,28.25,25.78,31.45,79.1,3.33,3.76,99997.87,145.53
2,2007,8,25.88,27.06,27.52,505,29.14,26.41,32.53,79.16,4.86,2.88,100063.98,183.2
2,2007,9,21.27,22.91,23.91,179,28.73,26.47,32.05,83.87,3.01,2.66,100314.05,147.52
2,2007,10,19.79,20.91,22.16,320,27.12,23.84,31.5,82.32,5.19,1.53,100771.71,170.02
2,2007,11,29.5,29.28,29.27,111,23.86,19.92,29.05,78.27,5.7,1.81,101132.69,163.04
2,2007,12,24.65,24,23.94,0,19.8,15.03,25.81,76.45,5.5,1.9,101309,175.15
2,2008,1,18.25,19.34,20.57,23,19.02,14.48,24.46,74.1,4.68,2.03,101285.28,171.54
2,2008,2,19.44,19.66,20.31,56,20.3,15.2,26.07,67.69,6.57,1.91,101278.87,212.48
2,2008,3,24.94,24.22,23.82,45,26.61,21.96,31.65,69.23,5.92,2.23,100805.92,228.09
2,2008,4,28.28,27.57,26.85,91,29.22,24.51,34.48,64.67,8.49,2.67,100546.63,267.98
2,2008,5,30.14,29.41,28.8,205,29.3,24.88,34.68,63.81,7.75,2.41,100202.76,228.76
2,2008,6,29.88,29.38,28.92,409,28.74,26.3,32.34,67.23,4.17,3.51,100005.03,154.62
2,2008,7,30.54,30.05,29.55,563,28.55,26.35,31.77,74.45,3.1,3.45,99990.45,147.71
2,2008,8,30.22,30,29.46,319,28.81,26.49,32.09,82.39,4.04,3.3,100148.27,161.79
2,2008,9,30.54,30.22,29.81,279,28.91,26.24,32.57,80.3,4.41,2.27,100402.33,169.4
2,2008,10,28.44,28.62,28.57,227,27.07,23.79,31.4,82.58,5.79,1.91,100871.69,172.63
2,2008,11,23.82,24.62,25.28,0,23.72,19,29.71,81.57,7.95,1.59,101158.15,190.4
2,2008,12,21.14,22.29,23.08,0,20.41,16.9,25.57,73.97,3.88,1.44,101320.71,152.35
2,2009,1,19.15,20.34,21.01,1,19.71,14.84,25.92,70.84,5.71,1.82,101422.87,181.01
2,2009,2,21.13,21.57,21.74,1,23.29,17.25,29.7,78.61,8.66,2.36,101048.66,230.34
2,2009,3,24.55,24.11,23.8,43,27.04,21.45,33.28,70.77,7.27,2.15,100870.73,250.33
2,2009,4,28.77,28.01,27.08,14,30.15,25.85,35.57,54.63,8.31,3.06,100515.48,262.35
2,2009,5,29.55,29.03,28.35,168,29.15,25.21,34.58,56.97,6.75,2.64,100303.87,215.67
2,2009,6,31.34,30.71,29.9,170,30.22,26.69,34.5,66.87,5.94,3.45,99965.75,199.85
2,2009,7,30.44,30.19,29.94,676,29.02,26.72,32.34,72.29,4.7,3.69,99917.7,172.24
2,2009,8,30.19,29.97,29.82,482,28.89,26.33,32.49,75.74,3.85,2.85,100223.58,150.95
2,2009,9,30.18,30,29.81,298,28.84,26.32,32.54,79.1,4.13,2.52,100384.41,160.9
2,2009,10,28.07,28.14,28.22,74,27.62,24.21,32.22,81.81,6.19,1.85,100796.69,177.65
2,2009,11,24,24.53,24.85,4,24.58,20.22,30.18,81.1,6.73,1.65,101148.61,177.93
2,2009,12,19.39,20.38,21.18,0,19.97,15.37,25.99,72.97,4.79,1.7,101388.01,175.44
2,2010,1,17.63,18.61,19.77,0,17.63,12.81,23.82,66.58,5.7,2.11,101468.22,195.74
2,2010,2,20.09,20.4,20.76,48,22.29,16.21,28.91,70.25,6.74,1.95,101208.94,217.92
2,2010,3,26.43,25.47,24.84,22,28.22,23.33,34.11,72.13,8.35,3.15,100815.27,250.87
2,2010,4,29.54,28.74,27.88,37,30.38,26.44,35.52,56.77,7.34,4.28,100541.17,237.74
2,2010,5,30.74,29.97,29.3,177,29.65,25.92,34.27,59.19,6.74,3.28,100268.57,192.24
2,2010,6,30.32,29.95,29.6,308,29.33,26.71,33.08,67.23,3.74,3.84,100105.53,158.13
2,2010,7,31.68,30.95,30.36,167,29.7,27.44,33.01,70.48,4.93,3.51,100211.11,185.61
2,2010,8,30.57,30.32,30.12,340,29.5,27.06,33.15,78.45,4.37,2.75,100318.74,186.41
2,2010,9,30.46,30.27,30.13,169,28.95,26.61,32.51,77.43,3.83,2.4,100492.26,160.67
2,2010,10,28.76,28.7,28.53,174,28.28,25.06,32.4,79.19,5.82,1.72,100623.36,173.42
2,2010,11,24.56,25.27,25.55,0,24.94,20.94,30.09,79,6.24,1.65,101077.6,173.37
2,2010,12,19.75,20.67,21.44,81,20.13,15.47,26.07,76.61,6.17,1.88,101066.61,160.37
2,2011,1,16.41,17.71,18.75,0,17.29,12.21,23.45,69.32,4.94,1.96,101260.21,193.12
2,2011,2,20.28,20.5,20.64,0,22.55,16.91,28.73,66.39,7.55,2.08,101117.3,214.12
2,2011,3,24.5,24.15,23.75,20,26.39,21.52,32.08,70.39,6.96,2.67,100854.36,235.58
2,2011,4,28.38,27.9,27.27,123,28.03,23.23,33.47,59.2,6.85,1.85,100785.72,251.35
2,2011,5,30.09,29.35,28.86,235,28.43,24.62,33.4,53.03,5.46,2.66,100353.74,192.76
2,2011,6,31.4,30.95,30.45,314,29.09,26.29,32.63,64.87,3.49,3.36,99915.94,153.45
2,2011,7,31.24,30.84,30.38,356,29.24,26.72,32.32,71.52,4.08,3.09,100084.18,167.74
2,2011,8,30.89,30.41,29.95,409,28.52,26.53,31.12,79.52,2.47,3.07,100197.42,133.95
2,2011,9,31.06,31.33,30.73,207,29.13,26.39,32.42,81.53,5.05,2.97,100271.25,168.85
2,2011,10,29.61,29.83,29.52,112,28.15,24.74,32.65,81.23,6.09,1.4,100830.99,194.76
2,2011,11,23.8,24.75,25.34,0,23.87,19.19,29.71,79.2,6.04,1.58,101184.8,185.44
2,2011,12,19.5,20.76,21.7,0,19.34,15.02,24.96,75.45,4.44,1.75,101318.72,164.36
2,2012,1,17.4,18.79,19.45,10,18.88,14.49,23.97,70.52,4.59,1.91,101370.11,161.37
2,2012,2,20.14,20.38,20.44,1,22.14,16,28.68,67.97,7.07,2.16,101065.14,227.92
2,2012,3,25.1,24.55,23.92,37,27.16,22.13,33.18,73.42,7.62,2.31,100833.79,254.15
2,2012,4,28.3,27.57,26.95,269,28.13,23.74,33.28,56.7,7.13,3.02,100603.17,223.66
2,2012,5,30.79,30.05,29.17,137,30.09,25.76,34.69,54.97,6.15,2.77,100234.02,245.03
2,2012,6,30.62,30.34,29.93,175,29.71,26.91,33.28,63.2,2.89,4.11,99763.82,187.25
2,2012,7,30.92,30.6,30.12,226,29.12,26.65,32.45,69.94,3.94,3.93,99928.39,170.83
2,2012,8,32.49,31.79,31.21,282,29.2,26.59,32.66,72.97,3.78,3.01,100153.54,174.71
2,2012,9,30.84,30.7,30.41,81,29.05,26.77,32.92,79.53,4.03,2.71,100494.33,161.3
2,2012,10,28.79,29.09,29.18,38,27.85,24.28,32.27,80.19,6.04,1.77,100958.51,184.49
2,2012,11,23.3,24.23,24.87,68,23.47,19.14,28.62,77.87,5.62,1.78,101127.06,161.15
2,2012,12,19.1,20.35,20.97,5,18.4,14.54,23.84,79.77,3.01,1.8,101288.59,170.72
2,2013,1,16.62,17.9,18.69,0,17.64,12.25,24.25,70.29,4.5,2.04,101468.8,186.99
2,2013,2,20.89,20.99,20.91,8,22.86,17.51,29.05,64.11,7.02,2.34,101281.29,218.09
2,2013,3,25.79,25.29,24.69,26,27.45,22.08,33.52,77.29,7.91,2.11,100956,257.63
2,2013,4,28.57,27.97,27.25,32,29.02,24.36,34.3,62.77,6.49,2.64,100607.63,246.61
2,2013,5,29.49,28.93,28.41,378,27.95,24.82,31.69,54.74,3.55,3.58,100257.8,152.7
2,2013,6,31.72,31.19,30.36,325,30.13,27.16,33.65,60.53,4.76,2.75,100006.72,204.14
2,2013,7,31.43,31.08,30.54,302,29.35,27.04,32.64,70.29,4.43,3.83,99949.56,179.47
2,2013,8,31.09,30.99,30.56,212,28.7,26.24,32.08,79.61,3.3,3.05,100198.13,153.04
2,2013,9,31.24,31.16,30.79,141,28.93,26.36,32.64,76.6,3.71,2.04,100418.55,161.17
2,2013,10,27.88,28.37,28.43,126,27.13,24.24,31.43,77.71,4.63,1.74,100936.22,153.69
2,2013,11,23.41,24.64,25.22,0,23.74,18.46,30.13,81.57,6.98,1.94,101221.35,197.28
2,2013,12,21.93,22.98,25.21,4,20.02,15.38,26.13,81,4.09,1.75,101356.82,170.2
2,2014,1,18.28,19.16,19.83,0,18.29,13.75,24.27,77.48,4.14,2.01,101589.45,184.88
2,2014,2,19.6,20.01,20.55,12,21.19,15.9,27.3,65.68,6.31,2.12,101227.24,210.23
2,2014,3,25.18,25.02,24.33,10,26.89,21,32.89,73.03,8.8,2.27,101108.19,255.01
2,2014,4,30.32,29.49,28.53,80,30.62,25.15,36.42,73.33,8.58,2.22,100713.69,273.45
2,2014,5,31.11,30.74,29.95,152,30.15,26.55,35.02,62.1,6.46,3.27,100450.36,239
2,2014,6,30.91,30.48,29.96,337,29.63,26.56,33.31,52.1,3.45,2.97,99898.65,170.15
2,2014,7,31.75,31.09,30.46,213,29.56,26.92,32.87,56.65,3.86,3.79,99958.99,178.68
2,2014,8,31.1,30.92,30.58,391,28.69,26.24,32.1,68.87,3.23,3.22,100214.78,156.35
2,2014,9,30.11,30.09,29.81,155,29.22,26.44,32.95,78,4.89,2.61,100502.55,182.09
2,2014,10,29.17,29.43,29.36,49,27.57,23.86,32.11,76.97,5.82,1.46,101043.66,192.85
2,2014,11,25.76,26.84,28.92,0,24.19,19.58,30.09,82.37,4.97,1.66,101162.22,185.79
2,2014,12,21.64,22.74,25,0,19.01,15.11,24.46,76.58,2.81,1.75,101413.72,157.78
2,2015,1,18.12,19.12,19.95,3,19,14.45,24.69,72.74,4.66,2,101506.43,169.81
2,2015,2,20.6,20.66,20.76,17,22.72,17.33,28.76,65.68,5.26,1.89,101350.73,208.95
2,2015,3,25.35,25.16,24.9,4,26.23,20.71,32.07,76.19,8.5,2.09,101194.62,247.94
2,2015,4,27.73,27.36,27,166,28.01,23.47,32.87,74.3,6.43,2.51,100827.24,207.9
2,2015,5,29.94,29.57,28.9,185,29.8,25.59,34.16,62.55,6.56,2.79,100453.82,218.38
2,2015,6,30.31,29.93,29.33,375,29.19,26.64,32.68,54.3,4.52,3.66,100112.91,177.31
2,2015,7,31.5,30.86,30.2,697,28.36,25.98,31.58,66.23,2.3,3.22,99939.68,123.2
2,2015,8,30.83,30.65,30.19,346,29.26,26.97,32.64,70.32,3.41,3.22,100260.71,158.9
2,2015,9,30,29.79,29.41,321,29.12,26.1,33.04,75.37,4.46,2.36,100516.22,170.55
2,2015,10,29.5,29.63,29.46,51,27.47,24.02,32.19,82.29,5.9,1.57,101032.83,185.69
2,2015,11,25.03,25.89,26.43,0,24.46,19.86,30.27,79.93,6.28,1.55,101268.22,178.89
2,2015,12,19.86,21.18,21.91,1,20.29,16.07,25.85,80.23,4.61,1.63,101500.65,151.29
2,2016,1,18.33,19.22,19.8,3,18.99,14.26,24.89,74.58,5.05,1.82,101508.45,172.69
2,2016,2,21.26,21.48,21.32,13,24.18,19.14,29.94,70.07,6.17,1.77,101362.19,200.68
2,2016,3,25.87,25.57,25.22,83,27.23,22.51,32.95,69.87,6.99,2.2,101063.72,224.68
2,2016,4,28.81,28.21,27.63,27,30.64,27.24,35.47,66.43,7.55,3.93,100496.46,234.98
2,2016,5,28.81,28.75,28.54,215,28.51,24.81,33.55,66.52,5.69,2.65,100412.83,208.41
2,2016,6,31.11,30.28,29.6,211,29.95,27.11,33.94,59.23,5.44,2.69,100259.72,196.32
2,2016,7,30.03,29.82,29.57,404,28.83,26.44,32.24,70.39,3.49,3.52,100160.99,145.48
2,2016,8,31.74,31.19,30.59,170,29.63,26.92,33.28,69.74,4.7,3.34,100092.86,180.76
2,2016,9,30.5,30.48,30.26,138,29.03,26.55,32.89,78.23,4.01,2.15,100423.12,170.31
2,2016,10,28.71,28.94,28.94,76,28.62,25.27,33.07,78.29,5.38,1.69,100690.41,166.21
2,2016,11,24.9,25.6,25.87,25,23.96,20.01,29.45,80.37,5.6,1.5,101124.59,167.75
2,2016,12,20.77,21.78,22.47,0,21.5,16.9,27.67,79.32,5.15,1.75,101304.49,164.76
2,2017,1,18.85,19.7,20.19,0,20.08,14.82,26.39,80.13,6.3,2.21,101428,191.1
2,2017,2,21.32,21.59,21.67,2,23.4,17.69,29.71,74.25,7.38,2.2,101317.76,218.66
2,2017,3,23.6,23.53,23.37,100,25.36,20.66,30.56,69.32,6.09,2.24,100966.28,209.41
2,2017,4,26.82,26.47,26.1,230,27.93,23.83,32.76,72,6.07,3.18,100650.71,213.49
2,2017,5,29.59,29.01,28.37,203,29.88,26.02,34.34,59.29,6.53,2.19,100453.93,213.13
2,2017,6,31.09,30.73,30.08,398,29.32,26.59,33.19,62.1,4.25,3.25,100057.25,170.37
2,2017,7,30.43,30.26,30.1,584,28.8,26.49,32.02,68.48,3.02,3.28,100079.22,149.69
2,2017,8,31,30.48,29.92,572,29.06,26.66,32.57,72.35,3.47,2.72,100223.42,170.43
2,2017,9,30.44,30.41,30.05,383,29.22,26.89,33.06,75.23,3.73,2.12,100502.67,153.75
2,2017,10,28.44,28.74,28.73,381,27.61,24.63,31.93,82.1,5.06,2.17,100762.03,171.37
2,2017,11,23.8,24.69,25.26,6,24.61,20.45,30.14,82.83,5.53,1.9,101144,179.37
2,2017,12,21.15,21.75,22.24,33,21.2,17.04,26.69,82.23,4.3,1.67,101382.94,152.65
2,2018,1,16.7,17.73,18.66,0,17.46,12.61,26.39,82.35,5.41,1.94,101259.66,180.71
2,2018,2,20.58,20.82,20.75,20,23.42,18.31,29.71,77.5,5.63,1.83,101269.84,211.67
2,2018,3,25.61,25.05,24.41,17,27.35,22.31,30.56,67.74,7.42,2.14,100914.79,244.65
2,2018,4,27.12,27.14,26.82,327,27.29,22.56,32.76,76.93,6.76,1.99,100783.19,224.29
2,2018,5,28.98,27.67,29.33,442,27.62,24.18,34.34,69.94,4.54,2.63,100543.95,184.99
2,2018,6,30.7,29.43,30.71,284,29.5,26.31,33.19,59.93,4.46,2.84,99984.62,187.85
2,2018,7,30.86,29.62,30.71,357,29.24,26.67,32.02,59.45,3.33,3.59,99902.15,171.25
2,2018,8,31.3,30.01,30.88,140,29.89,27.18,32.57,71.87,4.51,3.15,99993.11,183.25
2,2018,9,30.91,30.27,31.29,74,29.79,26.98,33.06,80.1,5.51,2.42,100564.22,194.62
2,2018,10,28.49,28.52,29.95,45,27.16,23.44,31.93,80.81,5.16,1.78,101078.24,182.58
2,2018,11,25.32,25.52,27.07,13,24.08,19.66,30.14,81.83,5.15,1.53,101298.52,187.23
2,2018,12,21.44,21.68,23.66,13,20.24,16.02,26.72,77.74,4.37,2.05,101432.77,156.71
2,2019,1,18.19,19.02,19.7,1,20.25,14.61,27.24,75.68,6.05,2.15,101553.42,190.95
2,2019,2,20.65,20.88,21.17,120,21.94,16.98,28.26,73.07,6.48,2.12,101376.06,202.92
2,2019,3,24.45,24.21,23.94,72,26.15,21.16,31.63,68.87,7.35,2.17,101079.21,234.03
2,2019,4,27.17,26.85,26.48,194,28.3,23.75,33.7,66.28,6.73,2.27,100779.5,227.21
2,2019,5,29.19,28.64,28.18,215,29.92,25.79,34.65,60.42,6.6,3.45,100410.31,225.88
2,2019,6,30.65,30.15,29.68,260,29.93,26.73,33.64,62.73,4.06,2.85,100114.12,191.99
2,2019,7,30.56,30.32,29.94,368,29.31,26.88,32.94,62.06,3.25,3.66,100034.88,175.98
2,2019,8,31.77,31.37,30.9,216,30.01,27.19,33.85,69.32,4.92,2.97,100074.35,183.06
2,2019,9,29.62,29.9,29.98,161,28.96,26.43,33.16,73.1,15.73,2.56,100636.58,167.2
2,2019,10,27.68,27.91,28.1,188,27.63,24.35,32.1,77.23,8.48,1.64,101026.63,167.66
2,2019,11,24.81,25.61,25.95,37,24.73,20.66,30.21,82.47,8.01,1.63,101181.76,163.42
2,2019,12,18.97,20.36,20.99,5,19.28,15.27,24.75,80.06,7.77,1.93,101540.18,161.28
2,2020,1,17.55,18.38,18.81,21,19.15,14.4,23.91,79.06,4.07,1.83,101492.05,162.87
2,2020,2,19.44,19.64,19.83,1,22.01,16.36,27.67,79,6.8,1.98,101473.13,210.22
2,2020,3,23.97,23.71,23.43,32,26.7,20.96,32.44,75.42,7.94,1.89,101088.74,243.99
2,2020,4,26.97,26.88,26.41,148,28.64,23.69,33.59,72.67,5.92,2.13,100896.42,223.3
2,2020,5,28.31,28.02,27.55,279,29.24,24.88,33.59,79.06,5.91,2.67,100520.09,207.23
2,2020,6,30.3,29.54,29.03,270,30.1,26.81,33.39,60.97,4.44,3.19,100236.88,168.44
2,2020,7,29.92,29.48,29.1,442,30.03,27.07,32.99,61.71,4.11,3.23,100232.55,163.59
2,2020,8,31.27,30.77,30.3,276,30.03,27.18,32.89,63.16,4,3.43,100065.65,171.41
2,2020,9,29.35,29.48,29.3,137,30.43,27.23,33.64,80.43,3.86,2.51,100424.36,174.69
2,2020,10,29.09,29.32,29.16,310,29.42,25.8,33.03,82.42,4.54,1.67,100626.6,166.81
2,2020,11,23.99,24.83,25.57,3,25.28,19.84,30.72,83,5.92,1.78,101318.47,183.35
2,2020,12,19.66,20.87,21.84,0,20.92,15.95,25.88,85.03,4.73,1.76,101390.72,170.83
2,2021,1,19.78,20.41,21.35,0,20.07,14.73,25.42,81.65,5.42,1.9,101331.48,182.68
2,2021,2,21.05,21.19,21.55,0,23.88,17.82,29.93,82.61,7.23,2.07,101264.61,222.83
2,2021,3,27.2,27.05,25.89,3,28.94,23.26,34.62,75.03,6.89,2.02,100919.99,256.03
2,2021,4,30.61,29.83,29.21,39,30.66,25.23,36.08,74.97,8.01,2.32,100771.51,276
2,2021,5,31.05,31.03,30.75,329,30.37,25.9,34.85,67.74,6.79,2.36,100492.85,214.14
2,2021,6,30.31,29.8,30,491,29.09,25.81,32.36,69.17,3.38,3.43,100167.92,145.23
2,2021,7,30.63,30.05,30.24,289,29.86,26.79,32.93,63.87,3.58,3.12,100068.54,168.8
2,2021,8,30.65,30.2,30.25,244,29.99,26.75,33.24,55.94,3.24,2.77,100313.41,159.4
2,2021,9,30.19,29.86,30,139,30.22,26.67,33.77,62.63,3.77,2.1,100507.73,182.8
2,2021,10,29.14,29.35,29.6,166,29.41,25.38,33.45,76.94,4.72,1.79,100768.22,171.85
2,2021,11,24.07,25.13,26.14,27,24.76,19.52,30,83.37,5.76,1.74,101163.88,179.49
2,2021,12,20.99,21.93,23.18,153,21.69,17.01,26.36,83.71,3.75,1.86,101517.95,151.07
2,2022,1,17.99,18.66,19.16,12,20.26,15.41,25.12,80.68,3.81,1.91,101399.85,165.1
2,2022,2,18.63,19.3,19.49,20,21.8,16.25,27.36,80.68,6.19,2.09,101266.77,207.18
2,2022,3,24.8,24.6,24.15,14,28.64,23.25,34.03,72.16,7.64,2.58,100832.07,253.41
2,2022,4,26.35,26.47,26.28,109,30.15,26.09,34.2,73.17,6,3.57,100639.5,224.61
2,2022,5,28.42,28.37,28.02,285,29.5,25.46,33.54,71.29,4.12,2.67,100308.78,204.34
2,2022,6,29.68,29.43,29,157,30.08,27,33.16,71.5,3.15,3.68,100210.81,173.13
2,2022,7,32.16,31.79,31.06,92,30.9,27.71,34.1,57.29,4.79,2.9,100226,206.89
2,2022,8,31.76,31.63,31.15,121,30.87,27.5,34.24,61,5.46,3.04,100225.84,198.14
2,2022,9,30.78,30.93,30.66,284,29.96,26.65,33.27,73.17,3.55,2.12,100526.5,174.3
2,2022,10,29.51,29.94,29.8,295,28.71,24.77,32.65,76.13,5.71,1.96,100939.82,181.79
2,2022,11,25.24,26.08,26.23,0,25.72,20.5,30.93,78.27,5.96,1.77,101180.77,185.84
2,2022,12,21.42,22.71,23.2,4,22.12,17.14,27.14,75.61,4.34,1.77,101276.9,172.76
4,2001,1,18.9,18.55,20.8,0,18.34,10.65,24.41,76.71,6.2,1.79,101160.95,188.91
4,2001,2,21.43,20.03,21.55,11,22.61,15.04,27.32,74.43,6.05,1.8,100945.35,203.81
4,2001,3,25.46,23.47,24.84,16,26.62,18.3,31.09,70.19,7.82,1.88,100793.77,245.04
4,2001,4,29.3,27.13,28.22,156,29.06,22.41,32.56,74.9,7.21,2.34,100573.68,233.41
4,2001,5,29.31,26.93,28.23,358,27.69,23.54,31.39,82.32,5.81,2.25,100162.18,162.58
4,2001,6,30.33,28.13,29.35,408,28.03,25.75,31.15,86.6,4.47,3.21,99866.85,125.91
4,2001,7,31.22,29.16,30.12,183,28.83,26.4,31.71,85.74,4.69,2.98,99906.89,157.81
4,2001,8,32.07,29.82,30.85,227,29.46,26.63,32.66,84.13,5.03,2.33,100051.43,178.17
4,2001,9,31.12,29.14,30.55,356,28.71,26.12,32.09,86.6,5.09,1.82,100415.02,164.62
4,2001,10,30.21,28.64,30.1,222,27.63,24.4,31.63,85.61,6.04,1.42,100785.56,161.46
4,2001,11,26.46,25.71,27.42,11,24.51,19.71,29.41,83.9,7.41,1.24,101202.66,164.27
4,2001,12,21.28,21.12,23.23,0,19.85,13,26.49,80.19,7.12,1.47,101481.71,174.51
4,2002,1,20.11,19.36,21.02,6,19.71,12.81,25.36,76.65,6.95,1.54,101360.77,169.41
4,2002,2,21.74,20.29,21.8,0,22.56,15,27.7,72.93,8.84,1.88,101328.35,220.99
4,2002,3,25.25,23.4,24.78,41,26.25,18.71,29.97,72.94,7.71,2.01,100861.71,224.86
4,2002,4,27.61,25.51,26.72,259,27.56,21.55,29.9,80.5,7.52,2.46,100604.1,183.56
4,2002,5,28.93,26.65,27.82,389,27.84,23.27,30.27,82.26,6.38,2.72,100140.28,163.58
4,2002,6,29.72,27.58,28.59,606,28.32,25.51,30.67,87,2.97,2.69,100014.06,119.66
4,2002,7,29.7,27.77,29.03,440,28.52,25.75,30.35,90.77,1.51,2.78,99859.49,107.48
4,2002,8,31.15,28.71,29.74,204,28.62,26.34,31.45,84.97,5.11,2.56,100065.02,148.48
4,2002,9,31.37,29.61,30.76,255,28.92,25.85,32.22,83.73,5.98,1.94,100484.55,173.58
4,2002,10,29.7,28.2,29.27,145,27.36,22.87,31.29,84.26,7.89,1.4,100857.52,176.56
4,2002,11,25.92,24.97,25.96,87,24.02,18.54,28.99,82.07,7.83,1.49,101075.86,165.3
4,2002,12,22.12,21.67,22.69,0,20.29,14.41,25.33,84.06,6.34,1.47,101303.75,162.28
4,2003,1,18.18,17.8,19.19,0,16.24,10.17,21.78,83.16,5.34,1.77,101473.29,184.12
4,2003,2,21.49,19.92,20.64,27,22.15,15.33,26.69,74.57,8.19,1.83,101227.06,202.25
4,2003,3,28.67,26.17,26.53,87,24.44,25.59,30.56,75.1,7.41,1.84,100948.71,215.04
4,2003,4,30.17,27.81,28.33,130,28.91,18.09,27.96,79.77,7.36,2.31,100611.66,203.22
4,2003,5,31.38,29.09,29.57,267,29.46,22.26,31.63,80.65,6.54,2.47,100239.62,213.74
4,2003,6,31.91,29.82,30.08,420,28.38,14.41,25.87,85.87,3.65,3.15,99841.3,123.38
4,2003,7,31.09,29.3,29.86,213,29.33,23.46,32.03,84.52,4.84,2.87,100097.58,156.4
4,2003,8,29.6,28.07,28.63,124,29.43,26.85,31.76,84.35,5.46,2.66,100106.23,172.57
4,2003,9,25.89,25.19,25.81,190,28.48,26.91,32.26,87.77,3.99,1.97,100378.35,157.27
4,2003,10,21.96,21.52,22.44,345,27.76,25.96,31.38,87.19,4.7,1.54,100862.93,157.93
4,2003,11,30.31,28.33,28.85,0,23.99,24.15,30.44,80.87,8.67,1.47,101201.52,188.46
4,2003,12,24.54,22.7,23.19,10,20.53,17.54,29.04,79.87,7.3,1.53,101408.33,152.13
4,2004,1,19.59,19.05,20.32,6,18.24,12.15,23.65,80.13,6.31,1.7,101328.28,176.78
4,2004,2,21.28,19.88,20.88,2,21.84,14.67,27.29,72.34,8.6,1.74,101135.24,214.88
4,2004,3,26.57,24.32,24.72,13,27.14,21.27,31.08,75.26,6.7,2.4,100719.61,225
4,2004,4,28.37,26.1,26.88,244,27.85,21.79,30,81.93,5.9,2.86,100532.85,174.09
4,2004,5,31.24,28.71,29.15,87,30.43,25.39,33,80.84,7.16,2.63,100124.59,214.18
4,2004,6,30.75,28.48,29.19,392,28.51,25.49,31.33,87.7,3.35,2.42,100013.74,145.34
4,2004,7,30.61,28.5,29.22,753,28.62,25.74,30.76,86.55,3.86,2.89,100022.11,129.26
4,2004,8,31.6,29.48,30.14,241,29.14,26.4,32,84.16,6.26,2.86,99979.74,160.78
4,2004,9,29.53,27.88,28.85,250,27.66,25.28,30,90.77,2.17,2.62,100492.32,135.62
4,2004,10,28.7,27.21,27.93,487,26.87,22.43,30.39,86.84,6.57,1.69,101032.42,180.91
4,2004,11,25.02,24.33,25.62,0,23.43,16.72,29.01,82.53,7.49,1.48,101230.46,185.23
4,2004,12,21.76,21.34,22.77,18,20.96,13.95,26.23,81.32,6.36,1.5,101318.43,162.65
4,2005,1,19.47,18.83,20.44,3,19.04,12.49,23.73,80,4.48,1.8,101300.23,171.41
4,2005,2,22.31,20.74,21.5,27,23.42,16.4,27.34,73.93,7.14,2.1,101100,208.7
4,2005,3,26.51,24.39,25.03,77,26.92,20.56,29.62,79.23,5.55,2.21,100859.81,208.38
4,2005,4,29.34,27.1,27.68,142,28.97,22.34,31.6,78.43,7.45,2.24,100748.25,231.97
4,2005,5,28.79,26.71,27.87,495,28.65,22.49,30.42,82.29,6.23,2.52,100323.76,177.33
4,2005,6,31.49,29.1,29.91,255,29.73,25.94,32.37,84.03,5.01,2.8,99842.14,174.22
4,2005,7,30.64,28.4,29.35,405,28.61,26.18,31.1,86.39,4.45,2.91,100018.62,160.93
4,2005,8,31.06,29.05,30,514,29,26.35,31.55,87.81,3.42,2.47,99969.89,149.6
4,2005,9,31.6,29.58,30.46,360,28.89,25.64,32.42,85.37,5.05,1.68,100393.93,174.45
4,2005,10,29.05,27.57,28.77,394,26.99,23.51,30.28,87.84,4.89,1.68,100894.37,149.25
4,2005,11,25.98,25.19,26.74,0,23.87,18.02,29.13,83.83,7.37,1.43,101087.73,181.71
4,2005,12,21.93,21.28,23.07,0,20.93,13.22,27.03,80.19,7.69,1.58,101199.15,172.35
4,2006,1,19.65,19,20.77,0,18.93,12.13,23.93,84.71,5.32,1.63,101237.48,190.36
4,2006,2,23.83,21.6,22.76,0,24.88,18.39,28.92,81.71,6.55,1.91,100993.78,203.12
4,2006,3,26.54,24.44,25.41,2,27.44,19.08,31.28,75.68,13.75,1.94,100752.22,254.92
4,2006,4,28.73,26.26,27.17,153,28.59,21.91,31.31,80,16.84,2.39,100515.38,216.11
4,2006,5,29.99,27.8,28.45,379,29.08,24.15,32.05,81.9,20.35,2.24,100308.1,196.24
4,2006,6,29.8,27.74,28.68,371,29.09,25.75,31.14,87.6,2.51,2.37,100055.26,166.7
4,2006,7,30.86,28.81,29.65,274,29.2,26.68,32.03,86.03,5.11,2.98,99858.93,161.47
4,2006,8,31.61,29.57,30.35,339,29.15,26.43,32.45,84.55,6.53,2.59,100076.34,188.79
4,2006,9,30.38,28.66,29.67,420,28.48,25.76,31.56,88.77,4.06,2.15,100459.13,176.37
4,2006,10,30.16,28.46,29.19,23,27.95,23.25,32.1,87.23,5.75,1.24,100929.77,194.44
4,2006,11,26.49,25.63,27.07,0,24.28,18.19,28.88,85.5,5.14,1.51,101121.26,168.99
4,2006,12,22.25,21.47,23.11,0,20.63,13.48,26.24,85.45,4.31,1.45,101331.27,169.47
4,2007,1,19.24,18.79,20.28,0,18,10.77,23.64,82.65,4.95,1.6,101416.78,190.54
4,2007,2,22.12,20.43,21.76,55,21.51,15.73,25.44,80.68,5.34,1.69,101219.89,181.81
4,2007,3,28.3,25.94,26.93,18,25.41,17.74,29.13,74.45,7.22,1.72,100890.44,246.9
4,2007,4,31.27,28.6,29.47,208,28.13,22.17,30.44,81.7,6.21,2.68,100617.3,200.36
4,2007,5,31.06,28.76,29.69,123,30.05,24.78,33.38,79.94,7.11,2.13,100217.98,217.11
4,2007,6,31.06,28.76,29.69,849,28.65,25.27,31.45,87.2,3.59,2.91,99984.5,138.44
4,2007,7,30.47,28.52,29.59,726,28.25,26.17,30.74,89.45,2.85,3.03,99901.65,129.05
4,2007,8,29.71,28.03,29.18,368,29.14,26.79,31.88,86.9,4.46,2.41,99980.39,170.57
4,2007,9,26.54,25.96,27.26,149,28.73,26.37,31.56,86.57,3.02,2.27,100227.88,147.08
4,2007,10,22.1,21.59,23.38,219,27.12,23.16,31.55,84.9,6.11,1.48,100687.22,168.71
4,2007,11,29.88,27.86,28.94,67,23.86,18.53,29.72,84.63,7.56,1.51,101050.84,166.34
4,2007,12,24.76,22.69,23.76,0,19.8,13.21,25.99,83,6.53,1.48,101214.92,171.05
4,2008,1,20.33,19.43,21.26,30,19.02,13.11,23.47,83.9,4.05,1.53,101189.51,163.59
4,2008,2,20.75,19.22,20.67,5,20.3,13.81,24.92,74.59,6.18,1.62,101181.77,208.99
4,2008,3,26.02,23.4,24.3,96,26.61,20.33,29.43,81.03,5.31,2.06,100722.14,215.74
4,2008,4,29.75,27.12,27.76,25,29.22,22.97,32.58,78.47,7.42,2.33,100456.66,247.98
4,2008,5,30.87,28.56,29.45,280,29.3,23.91,32.97,79.84,7.02,2.24,100131.43,201.97
4,2008,6,30.23,28.06,29.08,675,28.74,25.63,31.04,87,3.31,3.01,99936.33,123.07
4,2008,7,30.36,28.18,29.14,473,28.55,26.29,31.06,88.13,3.31,2.75,99899.98,137.71
4,2008,8,30.38,28.33,29.36,354,28.81,26.19,31.08,90.1,3.04,2.57,100060.33,142.92
4,2008,9,31.3,29.08,30.02,131,28.91,26.09,32.59,85.1,5.73,1.86,100320.86,164.01
4,2008,10,29.89,28.5,29.61,170,27.07,22.98,31.18,86.52,6.24,1.71,100790.35,169.86
4,2008,11,26.07,25.26,26.69,0,23.72,16.66,29.64,82.73,8.84,1.3,101071.88,187.51
4,2008,12,23.03,22.24,23.72,0,20.41,15.7,25.51,87.45,4.41,1.25,101227.67,149.1
4,2009,1,21.08,20.14,21.65,0,19.71,13.42,24.86,85.65,5.12,1.42,101324.28,174.17
4,2009,2,22.78,21.26,22.43,0,23.29,15.26,28.78,74.96,7.99,1.81,100933.29,225.24
4,2009,3,26.07,24.09,24.94,17,27.04,18.95,30.94,75.61,6.74,1.94,100778.2,245.27
4,2009,4,30.27,27.71,28.47,54,30.15,23.63,32.96,79.73,7.46,2.54,100424.47,239.37
4,2009,5,30,27.85,28.84,411,29.15,24.12,32.2,81.55,5.77,2.23,100228.46,197.75
4,2009,6,31.42,29.12,30.14,130,30.22,25.67,32.85,85.23,4.59,2.84,99880.06,169.18
4,2009,7,31.31,29.14,30.15,431,29.02,26.57,31.87,92.18,4.98,2.81,99828.73,164.42
4,2009,8,30.98,28.91,29.97,359,28.89,26.31,31.75,92.52,3.36,2.16,100132.1,137.23
4,2009,9,31.25,28.98,30.03,231,28.84,26.03,32.4,92.85,4.93,2,100303.7,160.89
4,2009,10,28.27,26.91,27.78,29,27.62,23.18,32.09,93.18,7.16,1.64,100706.73,179.71
4,2009,11,21.9,22.64,23.61,0,24.58,18.62,29.56,93.51,6.82,1.42,101056.42,172.8
4,2009,12,21.39,22.08,22.65,0,19.97,13.2,25.44,93.84,5.6,1.41,101289.38,165.31
4,2010,1,19.55,18.68,20.35,0,17.63,11.73,24,81.97,6.22,1.7,101361.73,191.07
4,2010,2,22.15,20.48,21.69,4,22.29,14.88,27.71,74.61,7.07,1.78,101105.4,216.55
4,2010,3,27.33,24.98,25.75,16,28.22,20.69,32,74.19,6.71,2.63,100707.81,234.73
4,2010,4,30.2,27.86,28.71,123,30.38,23.46,32.29,82.63,6.26,3.26,100449.74,203.49
4,2010,5,30.98,28.7,29.68,337,29.65,24.16,32.45,81.94,6.28,2.67,100185.5,170.9
4,2010,6,30.93,28.66,29.83,384,29.33,25.73,31.49,87.27,3.49,2.94,100023.9,119.21
4,2010,7,31.69,29.31,30.37,458,29.7,26.97,32.35,85.55,4.25,2.65,100121,165.22
4,2010,8,31.32,29.22,30.18,368,29.5,26.64,32.23,88.22,4.41,2.01,100219.26,170.42
4,2010,9,30.92,28.87,29.95,211,28.95,26.13,31.44,88.62,3.89,1.87,100407.19,153.43
4,2010,10,30.13,28.07,29.09,148,28.28,23.9,32.05,89.01,6.31,1.54,100541.21,171.81
4,2010,11,26.43,24.99,26.22,4,24.94,18.99,29.66,89.41,6.78,1.43,100991.32,168.32
4,2010,12,21.39,20.52,22.28,42,20.13,13.5,25.85,89.81,6.25,1.58,100973.21,158.03
4,2011,1,18.89,18.19,20.01,1,17.29,10.79,22.25,83.03,4.28,1.65,101164.4,184.49
4,2011,2,21.96,20.32,21.45,12,22.55,15.33,27.32,73.39,6.73,1.74,101018.43,216.61
4,2011,3,26.08,23.95,24.8,32,26.39,19.73,29.96,73.16,6.98,2.3,100745.17,224.8
4,2011,4,29.08,26.68,27.53,80,28.03,21.89,31.94,77.5,7.76,1.72,100701.13,242.8
4,2011,5,30.25,28.12,29.17,239,28.43,23.52,31.71,82,6.03,2.31,100287.4,165.56
4,2011,6,31.42,29.22,30.37,449,29.09,25.91,32.1,85.13,3.89,2.83,99848.88,148.78
4,2011,7,31.14,28.83,30.02,333,29.24,26.15,31.69,86.58,3.87,2.52,99991.3,150.11
4,2011,8,30.83,28.78,29.94,741,28.52,26.29,31.32,86.84,3.85,2.67,100118.65,137.97
4,2011,9,31.67,29.64,30.71,242,29.13,26.13,32.2,84.73,5.71,2.43,100194.31,161.34
4,2011,10,30.83,29.29,30.51,18,28.15,23.83,32.35,83.81,7.39,1.3,100742.7,195.68
4,2011,11,25.03,24.3,26.24,0,23.87,16.91,28.72,81.77,6.98,1.44,101101.88,180.32
4,2011,12,21.18,20.58,22.55,0,19.34,13.61,24.46,83.32,5.01,1.44,101228.02,162.33
4,2012,1,19.22,18.34,20.31,18,18.88,12.43,23.11,79.55,4.67,1.71,101278.21,160
4,2012,2,21.04,19.58,20.96,0,22.14,13.93,27.54,71.45,7.25,1.84,100961.35,221.62
4,2012,3,25.97,24,24.68,1,27.16,19.18,31.55,73.42,7.16,2.07,100742.86,253.69
4,2012,4,28.77,26.66,27.44,202,28.13,22.07,30.85,80.37,6.65,2.71,100519.15,198.25
4,2012,5,31.37,29,29.84,85,30.09,24.34,33.59,77.9,6.73,2.28,100145.2,222.17
4,2012,6,31.04,29.18,30.22,241,29.71,25.57,31.45,85.4,3.15,3.24,99668.54,158.37
4,2012,7,31.07,28.93,30.01,409,29.12,26.49,31.44,86.58,3.79,3.11,99839.62,151.86
4,2012,8,31.88,29.77,30.74,238,29.2,26.74,32.2,85.1,5.58,2.31,100065.29,162.3
4,2012,9,31.42,29.43,30.64,221,29.05,26.33,31.98,85.77,3.5,2.13,100412.36,149.27
4,2012,10,29.77,28.29,29.73,45,27.85,23,31.69,82.03,6.53,1.49,100866.45,180.64
4,2012,11,25.1,24.36,26.33,19,23.47,16.95,28.24,81.07,5.62,1.37,101035.3,161.16
4,2012,12,20.75,20.14,22.24,0,18.4,13.15,22.79,88.39,1.98,1.39,101189.18,163.21
4,2013,1,18.19,17.37,19.41,0,17.64,10.54,23.89,78.35,4.07,1.75,101367.36,185.98
4,2013,2,21.77,20.02,21.34,18,22.86,15.51,28.44,70.79,6.7,1.95,101179.79,209.69
4,2013,3,26.6,24.37,25.2,21,27.45,19.55,32.01,74.52,6.86,1.96,100853.06,250.88
4,2013,4,29.67,27.55,28.36,69,29.02,22.44,32.46,77.17,5.24,2.43,100512.65,233.39
4,2013,5,29.3,27.26,28.3,308,27.95,23.84,30.42,84.13,3.9,3.17,100196.57,134.5
4,2013,6,32.25,29.88,30.66,267,30.13,26.44,33.1,82.67,4.86,2.23,99918.79,190.41
4,2013,7,31.88,29.68,30.73,318,29.35,26.82,32.29,83.71,3.89,3,99873.06,163.32
4,2013,8,31.57,29.45,30.71,343,28.7,26.21,31.64,85.48,3.66,2.52,100124.41,144.95
4,2013,9,31.83,29.76,31.01,123,28.93,26.17,32.41,85.17,4.5,1.78,100327.82,169.31
4,2013,10,29.79,28.16,29.68,257,27.13,23.46,30.44,85.87,5.05,1.63,100854.88,158.72
4,2013,11,25.24,24.39,26.25,0,23.74,15.92,29.6,81.07,7.43,1.56,101129.36,191.88
4,2013,12,21.64,20.9,23.01,0,20.02,13.41,24.94,82.16,3.08,1.5,101269.54,161.2
4,2014,1,19.73,18.62,20.62,0,18.29,12.77,24.3,82.06,3.47,1.67,101486.71,180.43
4,2014,2,21.05,19.56,21.13,43,21.19,14.15,25.62,76.79,5.18,1.82,101128.53,200.05
4,2014,3,25.87,23.49,24.45,23,26.89,18.59,31.12,71.41,8.02,2.04,101002.67,250.98
4,2014,4,29.76,27.56,28.37,78,30.62,22.28,33.49,73.7,7.33,2.11,100628.67,264.47
4,2014,5,31.71,29.52,30.42,161,30.15,24.3,33.15,79.45,5,2.63,100356.37,221.08
4,2014,6,31.98,29.72,30.67,348,29.63,26.57,32.38,84.8,2.78,2.49,99804.88,148.48
4,2014,7,32.05,29.79,30.93,296,29.56,26.77,32.47,84.16,3.75,2.99,99897.92,159.49
4,2014,8,31.28,29.33,30.59,568,28.69,26.31,31.69,87.52,3.35,2.53,100122.8,136.62
4,2014,9,31.18,29.3,30.48,401,29.22,25.84,31.98,86.47,3.98,2.03,100417.51,165.73
4,2014,10,29.91,28.32,29.71,16,27.57,23.01,31.69,83,7.09,1.27,100953.09,192.72
4,2014,11,25.9,25.14,26.82,0,24.19,17.93,29.78,81.97,6.79,1.38,101066.78,179.55
4,2014,12,21.3,20.66,22.77,0,19.01,13.59,24.69,86.29,3.67,1.5,101316.94,153.77
4,2015,1,19.86,18.92,20.65,15,19,13.11,24.11,82.29,4.74,1.74,101406.52,170.53
4,2015,2,21.82,20.1,21.59,19,22.72,15.94,27.08,78.93,4.18,1.64,101258.17,202.84
4,2015,3,25.72,23.73,24.8,1,26.23,18.41,30.55,74.1,7.04,1.93,101099.41,241.37
4,2015,4,28.57,26.38,27.4,207,28.01,21.52,30.59,80.6,4.69,2.4,100756.58,181.65
4,2015,5,30.87,28.51,29.42,208,29.8,24.18,32.2,80.45,4.95,2.32,100372.43,177.96
4,2015,6,31.25,29,30.02,502,29.19,25.97,31.61,85.83,3.57,2.99,100028.25,155.15
4,2015,7,31.79,29.42,30.39,387,28.36,26.25,31.77,84.58,3,2.84,99881.22,128.52
4,2015,8,31.34,29.35,30.59,384,29.26,26.59,31.83,87.1,2.74,2.54,100165.8,143.75
4,2015,9,31.35,29.25,30.45,279,29.12,26.13,32.6,85.63,4.8,1.8,100420.83,157.96
4,2015,10,29.21,27.4,28.32,78,27.47,23.1,32.27,81.71,6.67,1.5,100947.12,191.5
4,2015,11,26.41,25.41,27.2,4,24.46,17.91,29.93,82.77,6.5,1.32,101180.37,177.3
4,2015,12,21.46,20.85,22.94,0,20.29,13.11,25.31,84.03,3.88,1.47,101410.7,153.19
4,2016,1,19.65,18.7,20.73,19,18.99,12.12,23.58,79.55,2.48,1.53,101414.19,165.3
4,2016,2,23.14,21.02,22.24,8,24.18,16.91,28.14,75.34,5.03,1.65,101269.5,198.79
4,2016,3,27.35,25.09,26.06,105,27.23,20.14,30.85,81.32,5.93,1.98,100972.72,219.51
4,2016,4,30.65,27.89,28.62,53,30.64,24.53,32.74,80.83,5.98,3.13,100404.32,198.73
4,2016,5,30.74,28.53,29.62,330,28.51,23.71,32.07,83.84,5.42,2.31,100345.58,180.4
4,2016,6,32.45,30.12,30.86,389,29.95,26.43,32.78,86.9,4.96,2.11,100169.66,183.48
4,2016,7,31.65,29.58,30.75,524,28.83,26.47,31.67,80.35,3.38,2.89,100068.53,130.95
4,2016,8,32.99,30.66,31.51,98,29.63,26.87,33.18,87.26,5.53,2.65,100021.6,184.35
4,2016,9,31.66,29.72,31.02,409,29.03,26.1,32.13,83.83,4.54,1.74,100338.74,156.01
4,2016,10,30.84,29.15,30.39,32,28.62,24.12,32.4,81.23,6.51,1.53,100603.35,167.6
4,2016,11,26.33,25.52,27.26,1,23.96,17.87,29.37,80.53,6.8,1.31,101038.13,169.53
4,2016,12,22.74,21.79,23.82,0,21.5,14.55,27.51,76.35,5.62,1.43,101209.61,163.01
4,2017,1,20.34,19.37,21.49,0,20.08,12.8,25.88,73.77,5.5,1.82,101326.2,180.7
4,2017,2,22.71,21.11,22.57,0,23.4,15.98,28.45,78.18,5.69,1.72,101215.36,213.98
4,2017,3,25.04,23.12,24.41,164,25.36,18.52,28.12,82.19,4.96,2.04,100885.99,194.89
4,2017,4,28.4,25.95,26.92,330,27.93,22.16,30.42,80.07,4.21,2.61,100577.06,184.82
4,2017,5,31.12,28.52,29.42,340,29.88,24.17,32.56,84.65,4.73,2.06,100381.69,195.07
4,2017,6,31.43,29.02,30.15,496,29.32,25.97,31.99,86.57,3.25,2.55,99979.86,153.49
4,2017,7,31.45,29.35,30.45,367,28.8,26.57,31.73,85.97,2.91,2.92,100003.68,132.98
4,2017,8,31.95,29.49,30.69,437,29.06,26.67,32.13,87.42,2.95,2.12,100126.16,144.27
4,2017,9,31.47,29.61,30.84,435,29.22,26.33,32.3,85.77,3.26,1.81,100408.97,144.88
4,2017,10,30.49,28.76,30.19,214,27.61,23.96,31.5,81.19,5.71,1.77,100683.64,165.85
4,2017,11,26.41,25.37,27.17,25,24.61,18.29,29.83,84.7,6.43,1.53,101056.62,175.16
4,2017,12,23.38,22.11,24,34,21.2,15.82,26.78,82.16,5.03,1.28,101293.81,156.51
4,2018,1,18.99,18.32,20.44,0,17.46,10.78,22.65,76.03,4.96,1.66,101154.47,174.48
4,2018,2,22.41,20.38,21.74,10,23.42,16.27,27.53,75.57,6.1,1.68,101176.49,203.33
4,2018,3,27.04,24.77,25.7,34,27.35,19.97,31.17,80.03,6.28,1.98,100824.6,243.4
4,2018,4,28.78,26.57,27.7,269,27.29,21.5,30.28,90.4,5.98,1.99,100710.63,206.2
4,2018,5,29.26,27.34,28.54,495,27.62,23.32,30.47,89.28,4.67,2.35,100469.05,162.98
4,2018,6,31.16,28.95,29.94,305,29.5,26.05,32.6,88.16,3.4,2.3,99892.95,174.43
4,2018,7,31.51,29.36,30.24,300,29.24,26.78,32.41,87.05,3.98,2.91,99820.15,163.52
4,2018,8,31.72,29.44,30.27,219,29.89,26.91,32.76,85.91,5.11,2.46,99913.45,172.86
4,2018,9,31.36,29.11,29.97,324,29.79,26.02,32.76,84.8,4.88,1.96,100471.92,183.77
4,2018,10,28.84,27.07,28.12,121,27.16,22.42,30.81,83.68,6.27,1.65,100997.7,182.39
4,2018,11,25.32,24.24,25.58,36,24.08,17.28,29.18,82.57,7.54,1.43,101211.69,177.59
4,2018,12,21.13,20.14,21.64,18,20.24,13.28,25.96,75.03,6.56,1.51,101334.17,152.97
4,2019,1,20.11,18.91,20.81,0,20.25,12.21,26.3,74.81,7.42,1.72,101453.45,186.33
4,2019,2,22.13,20.52,21.9,33,21.94,15.62,26.95,72.64,6.63,1.94,101280.06,194.13
4,2019,3,25.98,23.67,24.61,22,26.15,19.08,29.89,78.29,7.6,1.82,100983.88,232.02
4,2019,4,29.52,26.98,27.86,67,28.3,22.62,31.93,80.03,7.64,1.97,100705.1,217.15
4,2019,5,31.1,28.68,29.76,409,29.92,24.01,32.34,84.1,6.69,2.76,100321.21,190.44
4,2019,6,31.63,29.21,30.03,348,29.93,26.25,32.41,84.07,0,2.35,100025.86,177.31
4,2019,7,31.64,29.4,30.54,586,29.31,26.67,32.52,81.19,0,2.92,99945.92,148.81
4,2019,8,33.17,30.66,31.6,118,30.01,27.32,33.69,84.9,0,2.39,99995.6,179.59
4,2019,9,31.78,30.17,31.5,187,28.96,26.21,32.18,86.4,0,2.14,100558.52,155.68
4,2019,10,29.74,27.96,29.48,198,27.63,23.19,31.2,84.19,0,1.56,100942.52,157.57
4,2019,11,26.55,25.44,27.06,14,24.73,19.02,29.94,83,0,1.24,101099.64,158.11
4,2019,12,21.65,20.91,22.95,2,19.28,13.28,24.45,83.65,0.2,1.66,101447.3,160.55
4,2020,1,19.67,18.62,20.58,11,19.15,12.59,23.02,74.26,4.32,1.67,101392.16,158.32
4,2020,2,20.87,19.46,21.12,1,22.01,14.54,26.64,73.69,5.87,1.73,101371.59,204.47
4,2020,3,25.58,23.47,24.45,28,26.7,18.83,30.39,77.32,7.43,1.89,100991.2,239.28
4,2020,4,28.65,26.33,27.25,192,28.64,21.64,31.34,81.37,5.98,2.04,100816.67,223.09
4,2020,5,29.92,27.55,28.68,508,29.24,23.99,32.03,85.39,4.97,2.35,100444.37,185.62
4,2020,6,31.49,28.71,29.63,433,30.1,26.47,32.69,87,4.24,2.57,100149.36,139.49
4,2020,7,31.16,28.89,29.93,580,30.03,26.84,32,82.32,2.95,2.52,100131.8,133.19
4,2020,8,32.31,29.93,30.97,193,30.03,27.38,32.9,87.48,4.61,2.7,99991.11,167.47
4,2020,9,30.88,28.87,30.11,561,30.43,26.53,32.55,85.33,0.08,2,100333.8,147.38
4,2020,10,31,29.16,30.3,119,29.42,25.82,32.75,80.32,5.99,1.47,100545.2,162.16
4,2020,11,26.16,25.54,27.18,0,25.28,17.54,30.08,85.3,7.98,1.46,101229.33,181.82
4,2020,12,21.58,20.97,22.97,0,20.92,13.44,24.72,77.13,4.79,1.47,101293.74,163.37
4,2021,1,19.7,20.09,18.86,0,20.07,12.55,23.51,77.39,4.59,1.58,101233.16,178.22
4,2021,2,23.37,22.77,20.99,0,23.88,15.63,28.68,77.63,6.99,1.77,101161.37,218.08
4,2021,3,27.1,26.41,24.4,2,28.94,20.37,31.95,77.87,6.08,2,100836.07,246.19
4,2021,4,29.62,28.9,27.1,45,30.66,22.76,33.68,78.12,7.76,1.92,100677.85,268.34
4,2021,5,30.59,29.84,27.86,424,30.37,24.35,33.12,78.37,5.46,1.9,100411.64,201.78
4,2021,6,29.93,29.34,27.74,381,29.09,26.12,32.01,78.62,3.77,2.89,100080.74,140.96
4,2021,7,30.99,30.2,28.29,329,29.86,26.78,32.75,78.87,3.49,2.71,99999.62,146.84
4,2021,8,30.77,30.23,28.32,337,29.99,26.65,31.98,79.12,3.07,2.26,100215.82,146.31
4,2021,9,31.15,30.67,28.8,65,30.22,26.55,33.65,79.37,6.26,1.75,100427.43,187.83
4,2021,10,28.78,28.66,27.42,188,29.41,24.51,33.04,79.62,6.65,1.67,100677.43,170.98
4,2021,11,24.32,24.67,23.68,0,24.76,17.4,29.82,79.87,7.91,1.51,101067.6,181.87
4,2021,12,20.81,21.31,20.52,9,21.69,14.74,26.09,80.87,6.15,1.6,101426.19,148.43
4,2022,1,20.44,19.38,21.26,9,20.26,13.55,24.13,75.52,5.1,1.61,101299.93,159.97
4,2022,2,20.47,19.06,20.66,15,21.8,14.15,25.32,72.46,6.88,1.9,101177.18,191.72
4,2022,3,26.76,24.31,25,0,28.64,20.75,32.14,81.26,7.05,2.22,100735.95,241.19
4,2022,4,30.27,27.75,28.46,70,30.15,24.05,32.09,82.17,4.2,2.78,100553.64,189.09
4,2022,5,30.54,28.19,29.23,308,29.5,24.48,31.91,87.52,4.39,2.31,100229.36,186.84
4,2022,6,30.31,28.22,29.33,473,30.08,25.78,30.99,82.43,2.01,2.84,100114.45,137.29
4,2022,7,32.48,30.2,31.06,212,30.9,27.01,33.05,81.19,6.14,2.06,100141.88,194.8
4,2022,8,32.51,30.31,31.28,133,30.87,27.03,33.51,86.97,6.68,2.29,100149.84,193.2
4,2022,9,31.25,29.19,30.52,341,29.96,26.15,32.54,84.03,4.36,1.75,100440.5,157.26
4,2022,10,30.21,28.53,29.9,241,28.71,23.9,31.94,79.9,6.89,1.64,100858.93,168.68
4,2022,11,26.08,25.16,26.86,0,25.72,18.39,30.34,81.97,8.81,1.51,101088.13,183.55
4,2022,12,22.04,21.66,23.25,0,22.12,14.57,26.01,83.26,6.11,1.46,101177.88,163.63
5,2001,1,17.41,18.75,19.37,0,15.94,9.5,24.18,74.48,7.87,2.18,101137.01,193.47
5,2001,2,20.85,20.91,20.67,0,19.78,12.71,28.49,71.96,8.36,1.89,100872.92,218.12
5,2001,3,25.94,25.28,24.66,9,24.69,17.25,33.55,60.94,8.42,2.17,100688.82,261.27
5,2001,4,31.86,30.76,29.61,13,29.32,22.81,36.94,62.17,8.41,2.63,100398.76,273.51
5,2001,5,30.23,30.34,29.71,209,27.79,23.71,32.98,81.06,7.02,2.33,100002.37,184.02
5,2001,6,30.74,30.68,30.12,324,28.59,25.55,32.53,86.27,5.47,3.14,99663.37,153.33
5,2001,7,31.29,31.34,30.76,328,28.85,26.38,32.76,85.71,6.06,3.33,99717.88,181.82
5,2001,8,32.45,32.27,31.63,191,29.48,26.63,33.43,85.71,6.16,2.46,99901.26,178.61
5,2001,9,31.66,31.75,31.23,123,28.75,26.03,33.21,87,6.02,1.75,100281.46,172.03
5,2001,10,29.63,30.25,30,181,27.21,24.1,32,86.23,6.92,1.64,100690.37,170.13
5,2001,11,25.74,27.04,27.17,4,23.69,19.47,29.85,82.97,7.65,1.61,101134.27,171.26
5,2001,12,19.5,21.44,22,0,17.72,12.94,25.05,82.81,7.19,2.18,101454.92,179.76
5,2002,1,18.8,20.1,20.31,10,17.81,12.39,25.05,78.32,7.45,2.01,101302.73,176.56
5,2002,2,21.48,21.7,21.39,1,20.05,13.12,28.44,72.04,9.19,2.14,101292.53,223.3
5,2002,3,26.83,26.16,25.2,20,25.21,18.22,33.07,63.61,9.47,2.07,100739.9,249.5
5,2002,4,29.78,29.35,28.44,90,27.61,22.58,33.57,74.47,8.32,2.86,100412.6,224.01
5,2002,5,30.42,30.22,29.58,202,27.83,24.02,32.86,82.29,6.48,2.65,99968.37,185.73
5,2002,6,31.31,31.19,30.56,215,28.93,25.67,33.54,84.8,5.85,2.68,99826.84,139.18
5,2002,7,31.39,31.4,30.92,320,29.24,26.54,33.18,86.16,3.49,2.56,99678.78,165.73
5,2002,8,31.42,31.44,30.97,241,28.79,26.22,32.63,86.97,5.41,2.68,99898.41,158.02
5,2002,9,31.3,31.49,31,277,28.43,25.54,33.11,85,6.9,2.37,100346.72,170.84
5,2002,10,29.3,29.93,29.76,52,26.54,22.56,31.99,83.39,8.48,1.44,100784.37,191.06
5,2002,11,24.34,25.75,26.01,17,22.68,17.85,29.1,80.23,8.25,2.01,101029.64,172.33
5,2002,12,20,21.67,22.1,0,18.32,13.12,25.81,78.32,7.25,1.86,101258.29,172.79
5,2003,1,16.23,17.84,18.48,3,14.12,8.36,21.59,82.39,7.03,2.31,101464.45,186.26
5,2003,2,21.12,21.28,20.86,18,19.96,14.02,27.13,78.46,8.05,1.86,101174.42,201.92
5,2003,3,30.76,30.04,28.94,63,23.71,25.83,33.78,71.13,8.4,1.93,100844.57,231.96
5,2003,4,32.08,31.57,30.69,46,29.04,17.88,30.74,70.47,8.55,2.44,100435.52,244.68
5,2003,5,31.54,31.55,30.97,82,29.49,23.46,35.75,72.32,7.75,2.78,100058.72,250.12
5,2003,6,31.9,31.85,31.25,268,29.43,13.64,25.76,77.27,5.05,3.06,99647.72,164.41
5,2003,7,31.12,31.36,30.97,179,29.25,24.39,35.67,85.9,4.79,3.13,99910.89,163.9
5,2003,8,29,29.55,29.34,193,29.53,26.59,33.09,84.58,6.49,2.77,99932.07,179.58
5,2003,9,24.81,26.1,26.31,258,28.59,26.76,33.6,85.3,5.7,2.24,100228.03,159.7
5,2003,10,20.41,21.91,22.22,296,26.74,26.12,32.86,87.06,4.9,1.81,100779.42,155.59
5,2003,11,31.88,31.96,31.3,0,22.6,24.01,30.7,83.6,8.88,1.8,101162.41,188.64
5,2003,12,25.23,25.01,24.3,6,18.71,17.71,29.57,78.39,7.55,2.15,101387.32,161.84
5,2004,1,17.79,18.87,19.15,10,15.62,10.86,21.96,80.68,6.34,2.09,101298.27,184.84
5,2004,2,20.99,21.18,20.95,0,19.8,13.12,27.78,74,9.02,2.02,101087.54,222.43
5,2004,3,27.48,26.59,25.82,0,26.44,19.9,34.38,67.19,8.6,2.45,100595.51,255.68
5,2004,4,31.05,30.55,29.58,59,28.45,23.41,34.88,68.63,7.22,2.52,100328.6,222.3
5,2004,5,33.72,33.18,31.98,78,30.58,25.25,37.05,65.68,8.05,2.88,99927.47,247.06
5,2004,6,31.05,31.07,30.46,523,28.81,25.26,33.52,79.47,4.72,2.55,99841.97,173.17
5,2004,7,30.5,30.71,30.25,328,28.68,25.94,32.4,85.58,3.69,3.24,99837.5,159.45
5,2004,8,31.22,31.09,30.61,285,29.09,26.26,33.04,85.58,6.49,3.08,99799.45,169.41
5,2004,9,29.7,30.11,29.73,350,27.8,25.59,31.45,86.4,3.31,3.09,100320.24,147.81
5,2004,10,28.29,28.79,28.53,153,26.05,22.37,31.2,87.13,7.51,1.94,100952.1,184.84
5,2004,11,23.74,25.1,25.25,0,22.03,16.48,29.5,77.87,9.15,1.88,101182.14,185.88
5,2004,12,20.48,22.04,22.3,0,19.48,14.34,26.49,77.29,7.4,1.87,101277.24,156.5
5,2005,1,18.04,19.3,19.62,14,16.81,11.21,23.81,78.97,5.79,1.95,101270.28,168.47
5,2005,2,21.82,21.94,21.6,1,21.45,14.96,28.85,79.71,8.2,2.34,101048.45,218.18
5,2005,3,26.76,26.29,25.54,53,25.61,19.58,32.9,63.87,7.5,2.2,100732.97,244.57
5,2005,4,30.96,30.39,29.27,61,29.21,23.45,35.72,72.93,8.31,2.44,100576.48,271.36
5,2005,5,31.93,31.36,30.4,125,28.96,24.15,34.89,71.13,7.4,2.8,100126.2,230.2
5,2005,6,33.22,33.1,32.27,75,30.56,26.18,36.23,73.4,5.19,3.2,99626.8,204.91
5,2005,7,30.79,30.85,30.21,509,28.59,26.05,32.17,83.48,3.97,3.08,99839.06,178.64
5,2005,8,31.55,31.55,30.93,161,29.21,26.69,33.12,87,4.26,2.43,99813.96,188.75
5,2005,9,31.32,31.6,31.03,131,29.06,26.1,33.82,85.07,5.62,2.1,100283.29,190.11
5,2005,10,28.26,28.88,28.71,275,26.13,23.38,29.91,84.71,4.9,1.9,100790.37,144.7
5,2005,11,23.25,24.8,25.13,0,21.67,16.81,28.41,84.13,7.63,1.97,101057.25,186.49
5,2005,12,18.78,20.5,20.98,0,18.66,13.02,26.51,78.9,8.21,2.26,101185.03,175.28
5,2006,1,17.27,18.43,18.92,0,16.62,10.54,24.79,76.03,6.49,2.27,101211.24,195.76
5,2006,2,22.64,22.33,21.95,0,22.73,15.99,31.09,74.86,7.25,1.84,100913.23,222.11
5,2006,3,26.61,25.77,25.14,7,25.34,18.46,33.43,66.58,7.84,2.17,100691.64,253.6
5,2006,4,31.57,30.58,29.34,36,28.55,22.83,35.2,62.07,6.74,2.56,100349.1,252.49
5,2006,5,32.18,31.86,30.94,181,29.1,24.46,35.1,69.1,7.14,2.28,100154.55,218.54
5,2006,6,32.2,31.98,31.29,196,29.42,26.06,34.09,81.6,3.11,2.44,99883.81,207.01
5,2006,7,32.19,32.09,31.52,127,29.24,26.65,33.21,83.16,4.99,3.13,99679.49,177.54
5,2006,8,31.25,31.36,31.08,248,28.94,25.99,33.35,85.58,6.43,3.06,99910.7,186.49
5,2006,9,30.75,30.92,30.52,262,28.27,25.54,32.9,85.07,5.06,2.61,100310.99,178.29
5,2006,10,29.19,29.66,29.51,78,27.27,23.58,32.68,86.52,6.41,1.39,100866.48,196.59
5,2006,11,24.16,25.51,25.8,10,22.53,18.17,28.91,81.33,5.49,1.82,101073.84,175.09
5,2006,12,20.16,21.7,21.99,0,18.44,12.75,26.33,78.65,5.83,1.87,101293,169.45
5,2007,1,17.68,19.05,19.46,0,15.86,9.27,24.38,79.77,5.45,2.04,101377.48,196.04
5,2007,2,21.59,22.03,21.88,27,19.76,14.59,26.26,75.71,5.47,1.67,101133.82,182.77
5,2007,3,31.06,30.67,29.78,59,23.3,16.94,30.89,77.32,7.96,2.01,100796.59,260.14
5,2007,4,32.13,32.32,31.49,13,28.68,23.66,35.43,63.33,6.67,2.69,100425.04,255.22
5,2007,5,31.15,31.51,31.19,260,29.47,24.77,36.07,69.61,7.76,2.33,100058,258.04
5,2007,6,32.01,31.94,31.39,311,29.24,25.61,34.01,75.97,4.46,3.33,99781.03,172.54
5,2007,7,31.3,31.58,31.35,366,28.48,26.05,32.45,85.55,3.52,3.22,99718.9,148.01
5,2007,8,29.85,30.51,30.36,236,29.23,26.53,33.13,87.81,4.83,2.55,99825.35,186.25
5,2007,9,25.37,26.72,26.9,309,28.75,26.1,32.89,84.4,3.7,2.38,100073.98,156.26
5,2007,10,19.42,21.32,21.87,76,27.01,23.37,32.02,86.1,6.17,1.45,100606.79,177.03
5,2007,11,32.08,32.24,31.72,1,23.14,18.69,29.79,83.73,7.24,1.98,101011.46,172.94
5,2007,12,24.8,25.07,24.74,0,17.53,11.76,25.56,77.68,5.97,2.01,101184.46,174.51
5,2008,1,18.16,19.41,19.74,12,16.75,11.01,23.96,77.26,4.7,2.11,101139.06,170.57
5,2008,2,19.71,20.23,20.38,14,18.09,11.94,25.3,79.17,6.39,1.88,101117.96,211.28
5,2008,3,26.87,26.34,25.61,0,25.75,19.76,32.83,72.9,6.21,2.05,100583.77,244.91
5,2008,4,31.14,30.68,29.83,30,28.93,23.01,36.32,68,8.37,2.43,100292.98,282.34
5,2008,5,32.03,32.3,31.77,131,29.17,24.37,35.56,66.9,7.46,2.14,99958.21,242.86
5,2008,6,31.34,31.57,31.41,257,28.53,25.58,32.81,75.33,4.22,2.94,99731.64,142.05
5,2008,7,31.04,31.28,30.96,375,28.39,25.99,31.97,85.45,2.94,2.81,99726.06,159.94
5,2008,8,31.98,31.92,31.49,246,28.95,26.39,32.79,89.03,4.91,2.82,99883.41,167.8
5,2008,9,31.63,31.7,31.54,128,28.67,25.88,33.3,86.23,6,2.16,100190.99,174.41
5,2008,10,29.16,30.11,29.9,122,26.39,22.72,31.86,85.77,7.65,1.77,100723.12,189.69
5,2008,11,24.51,25.6,25.92,0,22.08,16.67,29.67,83.07,8.87,1.69,101016.89,187.13
5,2008,12,21.46,22.72,23,0,19.39,15.23,25.14,78.97,4.74,1.57,101170.69,148.55
5,2009,1,19.47,20.36,20.63,1,17.49,12.31,24.44,85.06,5.48,1.88,101269.69,183.23
5,2009,2,21.21,21.79,21.7,7,20.08,12.46,29.24,83.54,8.96,2.28,100884.12,232.31
5,2009,3,25.88,25.84,25.33,25,24.86,17.74,33.37,71.29,7.57,2.15,100673.86,260.73
5,2009,4,31.99,31.45,30.61,3,29.84,23.68,37.38,61.07,8.65,2.69,100239.58,285.11
5,2009,5,31.46,31.6,31.34,131,29.04,24.4,34.95,62.58,6.97,2.65,100046.56,213.67
5,2009,6,33.94,33.89,33.31,40,31.03,26.58,36.91,74.83,8.14,2.76,99679.21,234.37
5,2009,7,31.56,31.61,31.21,269,29.23,26.54,33.25,75.84,5.25,2.99,99648.31,189.92
5,2009,8,31.27,31.41,31.05,233,28.88,26.38,32.95,84.74,3.69,2.49,99979.28,152.96
5,2009,9,31.26,31.4,30.99,285,28.92,25.99,33.58,87.67,6.27,2.57,100154.55,169.75
5,2009,10,29.01,29.31,29.11,49,26.5,22.3,32.07,85.97,7.21,1.89,100630.8,183.01
5,2009,11,24.94,25.62,25.57,0,22.96,17.92,29.75,82.57,6.72,1.91,101008.33,177.73
5,2009,12,19.48,20.6,20.94,0,17.49,11.75,25.54,76.87,5.26,1.89,101242.64,176.91
5,2010,1,16.58,17.49,18.05,0,15.11,9.41,22.25,80.35,5.85,2.34,101358.64,191.21
5,2010,2,20.96,21.35,21.21,2,20.09,12.91,28.55,81.29,8.2,1.92,101038.2,222.17
5,2010,3,28.56,28.23,27.58,2,27,19.55,35.75,71.13,8.38,2.7,100579.73,263.38
5,2010,4,33.72,33.12,32.22,37,31.33,25.67,38.46,60.7,6.99,3.26,100232.88,264.19
5,2010,5,33.12,33.27,32.64,75,30.08,25.35,35.88,67,7.24,3.13,99988.35,225.66
5,2010,6,32.79,32.94,32.86,201,29.87,26.09,35.11,72.8,4.71,3.01,99809.33,187.83
5,2010,7,32.38,32.5,32.17,103,29.72,26.58,34.05,79.45,5.94,3.19,99940.04,192.47
5,2010,8,31.7,31.72,31.27,101,29.53,26.57,33.96,84.65,5.42,2.67,100067.47,192.69
5,2010,9,31.24,31.34,30.95,102,28.67,25.91,33.23,83.63,5.73,2.2,100260.88,172.19
5,2010,10,29.64,29.99,29.72,127,27.06,23.49,32,85.77,6.88,1.77,100473.78,174.89
5,2010,11,25.6,26.31,26.29,3,23.45,18.63,30.02,86.03,7.41,1.73,100938.26,163.66
5,2010,12,19.62,20.78,21.1,39,17.44,11.96,25.13,81.45,6.33,2.03,100944.79,160.41
5,2011,1,16.88,17.94,18.55,5,14.7,8.53,22.62,78.71,5.56,2.08,101116.65,191.4
5,2011,2,20.6,20.81,20.65,1,19.51,12.63,28.11,81.36,7.14,2.13,100966.72,222
5,2011,3,26.74,26.39,25.94,10,25.41,18.42,33.58,76.9,8.61,2.57,100629.66,246.98
5,2011,4,29.79,29.63,29.15,94,27.52,22.02,34.72,64.87,7.69,2.12,100567.51,259.4
5,2011,5,31.34,31.52,31.05,187,28.69,23.86,34.55,69.97,7,2.57,100106.7,212.12
5,2011,6,31.83,32.09,31.84,307,29.34,25.86,34.27,77.4,5.25,3.15,99649.35,170.32
5,2011,7,31.36,31.76,31.46,178,29.19,26.31,33.42,82.58,4.85,2.7,99824.87,189.29
5,2011,8,30.38,30.98,31.07,454,28.6,26.28,32.2,87.71,3.76,2.87,99944.93,149.87
5,2011,9,30.56,31.43,31.22,203,28.69,25.98,32.88,88.37,5.78,2.76,100032.75,164.23
5,2011,10,29.69,30.32,30.2,35,27.39,23.58,32.96,84.48,7.53,1.3,100676.8,197.02
5,2011,11,24.74,25.56,25.96,1,22.29,17.05,29.27,83.63,7.13,1.75,101047.11,180.93
5,2011,12,19.5,20.64,21.02,0,17.38,12.59,24.19,82.26,4.76,1.9,101192.75,164.53
5,2012,1,18.8,19.49,19.59,6,16.81,11.58,23.43,81.68,4.56,1.87,101226.89,155.02
5,2012,2,19.94,20.7,20.72,0,19.62,12.06,28.23,82.21,8.04,2.25,100903.21,225.13
5,2012,3,26.49,26.37,25.82,6,25.04,17.21,33.77,72.74,8.41,2.07,100644.97,267.31
5,2012,4,30.17,29.93,29.39,123,28.47,22.78,35.36,60.1,7.67,2.83,100329.56,253.22
5,2012,5,34.13,33.58,32.82,15,31.35,25.82,38.36,68.74,8.35,2.72,99964.19,264.86
5,2012,6,33.2,33.17,33.01,138,30.77,26.99,36.34,63.33,4.66,3.35,99447.65,218.08
5,2012,7,32.42,32.17,31.8,314,29.03,26.35,33.44,72.68,4.08,3.12,99644.35,170.92
5,2012,8,32.56,32.12,31.69,180,29.46,26.64,34.16,85.23,5.47,2.66,99905.67,176.7
5,2012,9,31.86,31.69,31.42,173,28.97,26.14,33.56,86,5.27,2.43,100261.61,166.25
5,2012,10,29.19,29.67,29.67,107,26.47,22.15,32.43,85.74,7.48,1.82,100801.07,196.43
5,2012,11,23.67,24.78,25.22,101,21.57,16.62,28.37,85.5,6.7,1.99,100987.52,163.81
5,2012,12,19.09,20.43,20.97,1,16.73,11.9,23.12,80.32,4.28,1.84,101142.85,169.99
5,2013,1,17.38,18.2,18.55,0,15.44,9.18,23.33,76.65,5.33,1.97,101337.18,186.53
5,2013,2,20.79,21.15,21.01,22,19.99,13.43,27.66,85,7.8,2.37,101166.66,212.61
5,2013,3,26.13,26.03,25.8,3,25.37,18.02,33.83,77.71,8.33,2.07,100771.54,264.4
5,2013,4,30.32,29.88,29.42,60,28.72,22.4,36.33,70.97,7.63,2.39,100361.64,262.69
5,2013,5,30.74,30.79,30.36,167,29,24.84,34.27,58.19,4.62,3.26,99977.25,171.18
5,2013,6,30.89,30.34,30.1,195,29.79,26.44,35,72.3,5.91,2.66,99764.79,201.14
5,2013,7,32.65,32.07,31.59,105,29.8,26.69,34.27,81.97,5.58,3.52,99677.98,187.61
5,2013,8,31.41,31.08,30.76,254,28.99,26.28,33.43,83.74,4.21,2.73,99948.97,163.4
5,2013,9,31.13,31.34,31.08,212,29.31,26.38,34.57,84.73,6.33,1.92,100209.15,184.47
5,2013,10,28.66,29,28.86,204,26.5,23.41,31.38,87,5.19,1.87,100751.46,151.65
5,2013,11,23.82,24.48,24.49,0,21.77,16.16,29.57,84.2,8.02,2.15,101106.86,191.18
5,2013,12,19.68,20.67,20.85,0,18.07,12.69,25.54,84.71,4.72,1.89,101220.98,167.28
5,2014,1,18.23,19.25,19.66,0,16.2,11.01,22.96,73.71,5.37,2.13,101472.78,180.81
5,2014,2,20.49,21.01,21.05,27,18.62,12.7,25.99,82.82,6.89,2.12,101080.46,206.76
5,2014,3,26.74,26.08,25.36,4,24.73,17.36,33.11,83.14,8.83,2.18,100931.54,255.42
5,2014,4,31.97,31.26,30.28,51,29.76,22.94,37.96,75.23,9.17,2.16,100487.6,288.6
5,2014,5,33.67,33.47,32.63,151,30.57,25.34,37.11,64.87,7.5,3.05,100164.82,250.73
5,2014,6,32.05,31.99,31.46,188,29.96,26.38,34.89,63.93,3.48,2.43,99635.82,182.3
5,2014,7,31.96,31.57,31.02,242,29.66,26.88,33.97,72.52,3.96,3.14,99710.06,168.83
5,2014,8,31.45,31.49,31.07,359,29.16,26.34,33.82,86,3.73,2.63,99956.84,167.23
5,2014,9,31.48,31.43,31.04,153,29,25.92,34.08,84.8,5.92,2.17,100274.77,183.08
5,2014,10,29.58,30.38,30.16,5,26.68,22.48,32.51,86.77,7.2,1.51,100890.4,185.07
5,2014,11,24.65,26.05,26.49,0,21.7,15.73,30.15,84.03,6.83,1.9,101027.68,188.54
5,2014,12,19.81,21.17,21.84,0,17.18,12.02,24.57,82.23,4.07,2,101295.78,156.73
5,2015,1,18.88,19.93,20.2,14,16.59,11.6,23.72,78.1,4.06,2.17,101380.59,172.5
5,2015,2,22.07,21.97,21.63,14,20.62,14.31,28.51,82.86,4.82,1.84,101185.02,206.03
5,2015,3,27.9,27.13,26.33,39,24.81,17.93,33.04,82.35,7.01,2.12,101031.43,245.05
5,2015,4,29.2,29.03,28.69,144,27.15,22.09,33.89,77.4,6.32,2.31,100599.02,224.74
5,2015,5,32.36,32,31.22,177,30.12,24.72,36,66.42,5.82,2.59,100187.57,226.84
5,2015,6,31.93,32.1,31.73,285,29.74,26.27,34.55,76.93,4.55,3.24,99839.12,185.98
5,2015,7,31.35,31.16,30.67,353,28.95,26.14,33.48,77.68,3.15,2.67,99742.31,151.4
5,2015,8,31.83,31.68,31.2,127,29.46,26.78,33.83,82.77,3.4,2.66,100000.43,156.72
5,2015,9,31.21,31.72,31.4,254,29.24,25.96,34.34,87.17,6.18,1.93,100303.38,179.89
5,2015,10,30.23,30.74,30.59,7,27.02,23.06,32.93,86.13,7.16,1.51,100864.54,188.01
5,2015,11,25.69,26.91,27.1,6,23.08,18,30.54,83.57,7.42,1.64,101115.83,176.6
5,2015,12,21.1,22.76,23.34,1,18.16,13.61,25.33,83.1,3.46,1.75,101352.45,151.93
5,2016,1,18.5,19.75,20.33,42,16.39,10.79,24.13,81.19,3.91,1.83,101359.96,169.74
5,2016,2,23.14,22.97,22.64,3,21.72,15.57,29.44,82.59,6.23,1.83,101191.05,210.2
5,2016,3,28.07,27.72,27.13,25,26.09,19.92,34.07,83.48,6.53,2.27,100859.69,237.91
5,2016,4,31.51,30.91,30.09,175,30.51,24.87,37.72,76.83,7.91,2.98,100210.75,260.46
5,2016,5,31.42,31.64,31.28,212,28.59,24.03,34.72,68.52,6.35,2.43,100173.13,221.81
5,2016,6,32.71,32.62,31.9,109,30.06,26.16,35.35,69.83,6.36,2.64,100014.7,216.81
5,2016,7,31.44,31.47,31.17,376,28.93,26.59,33.39,78.06,3.26,3.07,99884.39,157.38
5,2016,8,31.79,31.67,31.15,168,29.66,26.69,34.18,81,5.66,3.22,99849.68,185.26
5,2016,9,31.72,32.05,31.63,170,29.15,26.34,34.04,88.2,4.93,1.82,100213.35,163.02
5,2016,10,30.3,30.84,30.75,95,27.49,23.95,33.04,84.87,7.74,1.7,100538.61,180.92
5,2016,11,25.24,26.47,26.99,0,22.64,17.52,29.98,86.63,6.62,1.73,100987.12,168.2
5,2016,12,20.93,22.27,22.9,0,18.67,13.65,26.15,83.58,4.77,2.1,101191.06,158.8
5,2017,1,18.98,20.04,20.56,2,17.16,11.02,25.22,80,5.74,2.18,101315.51,182.07
5,2017,2,22.12,22.56,22.39,0,20.4,13.61,28.73,82.39,6.13,1.99,101160.75,220.82
5,2017,3,25.95,25.73,25.25,45,24.24,18.55,31.31,79.68,6.38,2.15,100751.93,217.98
5,2017,4,30.64,30.18,29.55,80,28.31,23.24,35.23,75,6.16,2.98,100386.32,228.09
5,2017,5,31.81,31.5,30.96,193,29.35,24.73,35.3,71.16,6.31,2.12,100234.55,219.1
5,2017,6,32.61,32.43,31.86,141,29.97,26.36,35.25,73.4,4.8,2.63,99819.43,201.16
5,2017,7,30.81,30.95,30.37,393,28.74,26.26,32.65,79.06,2.61,2.8,99811.4,154.9
5,2017,8,31.96,31.94,31.4,219,29.65,26.9,34.14,81.87,5.05,2.44,99982.37,172.56
5,2017,9,31.52,31.92,31.49,132,29.12,26.61,33.93,87.1,3.83,1.79,100282.25,167.69
5,2017,10,28.94,29.67,29.8,237,27.16,24.36,31.81,86.23,5.7,2.21,100572.27,166.43
5,2017,11,24.68,25.97,26.36,5,22.26,17.44,29.36,87.4,7.52,1.93,101023.32,178.9
5,2017,12,21.17,22.4,22.68,20,19.26,14.6,26.18,87.06,5.99,2.07,101250.57,157.7
5,2018,1,17.18,18.56,19.19,0,14.26,8.51,22.55,82.68,5.8,2.07,101129.36,180.84
5,2018,2,21.77,21.84,21.82,12,20.68,14.24,28.9,82.29,5.76,1.9,101104.14,212
5,2018,3,27.3,27.05,26.43,9,25.7,19.05,34.12,84.71,7.97,2.19,100712.38,252.46
5,2018,4,29.91,29.83,29.28,75,27.43,22.21,34.06,76.13,7.69,2.21,100556.23,234.04
5,2018,5,30.43,30.43,29.99,176,28.15,24.05,33.45,68.48,5.68,2.64,100286.44,186.03
5,2018,6,32.25,32.06,31.45,139,30.3,26.25,35.67,73.37,6,2.41,99735.66,213.4
5,2018,7,31.68,31.76,31.31,238,29.44,26.68,33.93,79.77,4.26,3.12,99633.48,168.68
5,2018,8,31.94,31.94,31.47,84,29.97,27,34.65,80.9,5.32,2.67,99751.45,185.11
5,2018,9,31.59,31.62,31.18,119,29.34,26.11,34.32,82.67,6.19,2.38,100343.65,196.23
5,2018,10,28.31,28.74,28.51,87,25.92,21.71,32.11,85.94,7.23,1.8,100897.16,190.85
5,2018,11,23.76,24.67,24.8,0,21.94,16.73,30.01,85.67,7.52,1.78,101137.23,181.36
5,2018,12,19.29,20.41,20.83,17,17.18,11.64,25.26,83.42,6.42,2.28,101322.04,159.45
5,2019,1,18.42,19.29,19.55,0,16.55,10.43,25.46,80.71,7.4,2.26,101433.99,187.92
5,2019,2,21.06,21.45,21.35,46,19.29,13.17,27.62,78.46,7.29,2.08,101221.36,208.32
5,2019,3,25.6,25.55,25.08,67,24.02,17.45,32.08,78.61,7.85,2.05,100885.29,242.74
5,2019,4,30.01,29.27,28.7,103,28.03,23.1,34.71,76.9,7.29,2.31,100557.28,231.28
5,2019,5,32.3,32.27,31.55,147,30.27,25.52,36.14,73.55,7.27,3.13,100137.82,240.24
5,2019,6,32.71,32.62,32.1,121,30.52,26.35,35.81,74.43,5.98,2.76,99859.94,204.53
5,2019,7,31.84,32.07,31.7,262,29.55,26.48,34.5,74.71,4.49,3.12,99759.24,182.08
5,2019,8,31.69,31.91,31.54,114,29.97,26.89,34.52,80.1,5.6,2.68,99839.9,189.47
5,2019,9,30.95,31.52,31.36,187,28.7,26.21,33.45,84.47,0,2.48,100410.84,159.37
5,2019,10,28.68,29.19,29.2,174,26.26,23.01,31.39,84.65,0,1.57,100869.55,165.17
5,2019,11,25.35,26,26.37,3,23.02,18.3,29.99,84.83,0,1.95,101040.13,170.76
5,2019,12,20.18,21.74,22.44,0,17.27,12.49,24.42,87.39,0,2.05,101416.67,156.9
5,2020,1,18.76,19.6,20.03,16,17.39,11.45,23.33,84.23,4.01,1.95,101352.15,164.71
5,2020,2,21.05,21.12,21.02,1,19.64,12.56,26.72,80.66,6.11,2.02,101330.34,204.06
5,2020,3,26.02,25.75,25.11,27,24.85,18.09,31.61,84.29,7.84,2.01,100929.37,239.15
5,2020,4,30.18,29.9,29.22,33,28.1,21.67,34.53,77.5,7.07,2.11,100679.84,237.44
5,2020,5,30.02,30.08,29.7,186,32.1,30.42,33.78,76.9,5.83,2.53,100278.41,209.65
5,2020,6,31.97,31.76,31.23,298,30.47,26.24,34.7,63.53,4.53,2.79,99966.26,184.09
5,2020,7,31.54,31.67,31.32,411,30.4,26.92,33.87,78.26,3.57,2.66,99966.47,165.04
5,2020,8,32.18,32.17,31.48,153,30.84,27.2,34.48,83.48,4.91,3.02,99811.59,176.43
5,2020,9,31.84,31.86,31.63,231,30.43,26.77,34.09,87.3,4.24,2.22,100188.19,161.73
5,2020,10,30.61,31.17,30.94,69,29.32,25.03,33.6,86.68,7.22,1.68,100467.25,184.68
5,2020,11,25.57,26.51,26.96,0,23.79,17.34,30.23,86.6,8.19,2.05,101189.22,185.52
5,2020,12,20.75,22.04,22.68,0,19.25,13.31,25.18,87.29,5.98,2.01,101260.39,167.15
5,2021,1,19.67,20.63,20.92,0,17.88,11.67,24.08,81.48,4.17,1.96,101197.07,181.71
5,2021,2,21.91,22.37,22.22,0,20.97,12.85,29.09,78.79,6.89,2.04,101119.88,224.47
5,2021,3,28.4,27.96,27.23,0,26.93,19.27,34.58,79.58,6.81,1.96,100735.91,262.02
5,2021,4,31.68,31.23,30.24,18,30.21,22.86,37.55,81.63,7.7,2.37,100540.79,278.74
5,2021,5,31.47,31.36,30.7,193,29.51,24.38,34.65,71.9,6.25,2.32,100264.97,215.82
5,2021,6,31.9,31.85,31.27,233,30.08,25.99,34.17,65,4.6,2.86,99891.65,186.71
5,2021,7,32,31.97,31.45,336,30.35,26.49,34.22,70.19,4.32,2.78,99824.62,175.09
5,2021,8,31.8,31.91,31.41,540,30.27,26.56,33.97,82.23,4.01,2.32,100066.83,162.96
5,2021,9,31.88,31.92,31.36,148,30.21,26.24,34.18,87.53,5.23,2.3,100305.51,170.31
5,2021,10,30.91,31.04,30.55,116,28.9,24.61,33.2,85.9,7.16,1.98,100595.95,176.47
5,2021,11,25.09,25.7,25.67,1,23.39,17.36,29.42,87.6,7.49,1.84,101029.25,177.97
5,2021,12,21.75,22.68,22.84,1,20.29,14.25,26.34,86.65,5.95,1.93,101389.12,154.72
5,2022,1,19.45,20.12,20.72,3,17.82,12.22,23.41,82.19,4.8,2.06,101274.71,160.85
5,2022,2,20.49,20.75,20.79,39,19.34,12.64,26.04,81.79,6.8,2.09,101098.56,199.08
5,2022,3,28.65,27.49,26.32,0,27.35,19.86,34.83,79.03,8.55,2.35,100641.1,259.09
5,2022,4,33.32,32.34,31.11,20,30.94,25.68,36.2,81.43,6.17,2.93,100359.47,242.22
5,2022,5,31.63,31.56,31.06,176,29.21,24.3,34.12,73.9,6.17,2.62,100059.26,219.51
5,2022,6,32.3,32.29,31.78,70,30.62,26.27,34.96,68.8,3.53,3.28,99905.94,196.62
5,2022,7,33.86,33.72,33.01,85,31.7,27.06,36.35,75.26,7.06,3.03,99985.01,210.64
5,2022,8,31.57,31.71,31.4,308,30.71,26.67,34.75,80.87,6.17,3.11,99991.28,192.16
5,2022,9,31.02,31.53,31.32,259,30.08,26.13,34.02,82.27,4.89,2.11,100309.49,173.96
5,2022,10,29.93,30.6,30.51,56,28.47,23.78,33.15,81.77,7.89,2.09,100793.8,183.94
5,2022,11,25.19,26.15,26.44,0,23.71,17.03,30.38,84.1,8.06,2.02,101062.58,187.07
5,2022,12,21.03,22.33,22.78,1,20.16,13.56,26.77,86.23,5.38,2.02,101147.33,171.44
7,2001,1,17.33,19.99,19.6,5,15.91,10.05,23.95,78.23,7.15,2.19,101277.11,194.44
7,2001,2,20.71,22.11,20.8,0,19.97,13.93,28.07,75.46,6.03,1.88,101036.7,212.7
7,2001,3,25.52,26.33,24.52,21,24.25,17.7,32.39,65.77,8.04,2.07,100872.3,253.16
7,2001,4,28.89,29.48,28.09,153,27.76,23.02,34,73.17,8.39,2.48,100630.54,252.37
7,2001,5,28.46,29.23,28.18,361,27.44,23.19,32.01,82.35,6.47,2.37,100221.73,172.91
7,2001,6,29.13,30.04,28.95,302,28.73,25.34,32.11,82,5.15,3.43,99907.41,139.65
7,2001,7,30.25,30.98,30.15,268,29.04,26.14,32.35,82.65,5.57,3.54,99959.68,170.31
7,2001,8,30.86,31.69,30.67,136,29.35,26.56,32.97,82.71,5.12,2.73,100113.11,180.83
7,2001,9,30.35,31.26,30.48,189,28.45,25.92,32.18,84.8,4.97,1.95,100485.66,167.22
7,2001,10,29.05,30.42,29.55,93,27.19,24.11,32.21,84.39,5.88,1.58,100867.32,165.98
7,2001,11,25.47,27.32,26.88,44,23.63,19.85,29.54,83.87,6.1,1.44,101296.66,159.07
7,2001,12,19.89,22.49,22.51,0,18.19,13.15,25.65,83.94,6.89,1.89,101592.13,177.35
7,2002,1,18.63,20.82,20.43,12,17.79,12.52,25.42,79.87,7.75,1.83,101462.85,176.25
7,2002,2,20.32,22.2,21.88,3,20.08,13.73,28.05,72.82,9.37,2.09,101437.94,223.75
7,2002,3,24.57,25.64,24.43,177,24.33,18.23,31.51,70.32,8.15,2.1,100939.13,237.19
7,2002,4,27.51,28.46,27.29,125,26.86,22.08,31.98,77.43,8.07,2.73,100652.88,206.27
7,2002,5,28.83,29.76,28.74,259,27.3,23.63,32.15,81.52,5.99,2.84,100188.9,170.99
7,2002,6,28.81,29.83,28.77,229,28.15,25.54,32.23,84.5,3.62,3.02,100066.58,132.51
7,2002,7,29.31,30.14,29.05,488,28.22,25.84,31.45,88.29,1.86,2.95,99917.04,129.41
7,2002,8,29.93,30.77,29.72,335,28.5,26.14,31.99,85.42,4.36,2.89,100119.98,157.58
7,2002,9,30.54,31.44,30.41,204,28.56,25.66,32.93,82.5,6.1,2.32,100552.88,176.6
7,2002,10,28.15,29.65,29.03,99,26.58,23.03,31.99,82.03,7.86,1.48,100948.33,181.95
7,2002,11,23.8,25.94,25.76,89,23.08,18.54,29.39,81.48,8.04,1.75,101173.63,165.04
7,2002,12,19.95,22.58,22.53,0,18.93,14.21,25.74,83.26,6.62,1.77,101409.04,166.23
7,2003,1,16.1,19.04,19.1,0,14.31,9.43,20.95,84.55,4.93,2.09,101591.7,185.92
7,2003,2,20.07,21.87,21.02,14,20.33,14.64,27.33,75.54,7.76,1.93,101332.74,203.99
7,2003,3,28.55,28.87,27.47,91,28.05,25.56,32.13,76.33,8.03,1.96,101033.87,221.19
7,2003,4,24.9,30.15,26.76,361,28.47,17.92,29.73,78.42,7.59,2.49,100666.6,224.87
7,2003,5,25.63,30.81,26.99,217,29.35,23.15,33.96,81.84,5.36,2.75,100294.9,235.73
7,2003,6,30.24,31.06,29.31,179,29.29,14.18,25.96,82.48,6.16,3.25,99886.4,135.58
7,2003,7,30.58,30.45,29.44,182,28.3,23.43,33.96,85.93,4.35,3.32,100150.07,168.8
7,2003,8,28.96,28.99,28.1,287,27.12,26.56,32.79,85.55,5.2,3.08,100162.47,178.06
7,2003,9,24.92,25.75,25.54,0,22.69,26.47,32.98,79.17,8.23,2.24,100443.35,161.74
7,2003,10,21.05,22.15,22.1,22,19.04,25.87,31.95,82.42,6.53,1.66,100950.3,162.61
7,2003,11,25.27,30.26,26.81,299,28.38,24.22,31.3,84.33,4.26,1.74,101307.75,188.1
7,2003,12,23.31,24.66,23.65,144,23.27,17.95,29.72,73.52,8.27,1.87,101517.03,155.14
7,2004,1,19.05,20.13,20.13,10,16.3,11.64,22.66,83.48,5.49,2,101439.14,179.71
7,2004,2,20.77,21.44,20.61,0,19.99,13.44,27.86,72.45,8.64,2.01,101238.7,216.95
7,2004,3,26.39,26.09,24.7,6,26.09,20.54,32.81,69.74,8.02,2.8,100798.92,241.62
7,2004,4,28.76,28.68,27.37,94,27.43,23,32.99,76.43,7.08,2.85,100567.31,197.35
7,2004,5,31.27,30.91,29.37,147,29.7,25.02,35.32,73.13,7.55,2.9,100173.57,229.62
7,2004,6,29.66,29.62,28.61,455,28.01,24.87,32.57,84.83,3.56,2.65,100072.95,155.06
7,2004,7,30.24,30.06,28.92,306,28.43,25.86,31.83,85.03,3.7,3.42,100079.4,146.06
7,2004,8,31.3,31,29.81,307,29.16,26.36,32.89,82.58,6.57,3.37,100030.04,167.64
7,2004,9,29.21,29.3,28.44,478,27.45,25.24,31.06,87.53,2.9,2.97,100540.58,145.13
7,2004,10,28.15,28.33,27.56,202,26.13,22.73,31.06,83.35,7.07,1.88,101120.69,183.91
7,2004,11,23.99,25.03,24.96,0,22.28,17.15,29.34,79.47,8.15,1.59,101329.5,185.85
7,2004,12,20.84,22.47,22.45,0,19.46,14.21,26.74,80.65,6.97,1.69,101419.76,158.31
7,2005,1,18.97,20.05,19.88,4,17.05,11.75,23.85,80.58,5.77,2.03,101412.77,173.04
7,2005,2,22.48,22.57,21.71,8,21.49,15.84,28.2,72.36,8.68,2.34,101206.83,211.34
7,2005,3,26.93,26.52,25.2,42,25.72,20.57,32.08,71.68,7.28,2.32,100931.63,231.39
7,2005,4,30.09,29.41,28.09,59,28.15,22.77,34.29,73.37,8.29,2.45,100809.67,253.17
7,2005,5,30.08,29.65,28.45,233,27.69,23.13,33.15,78.23,5.01,2.69,100368.44,201.87
7,2005,6,31.65,31.36,30.08,134,29.8,26.31,34.55,79.33,3.49,3.19,99885.82,191.73
7,2005,7,30.59,30.14,29.15,332,28.47,25.93,32.04,85.13,3.68,3.39,100073.63,166.87
7,2005,8,31.28,30.98,29.84,264,28.85,26.18,32.7,85.97,3.74,2.64,100033.82,169.05
7,2005,9,30.92,30.72,29.63,378,28.85,25.92,33.28,85.3,4.81,1.89,100473.99,175.1
7,2005,10,28.93,28.99,28.25,559,26.25,23.6,30.45,86.97,4.43,1.82,100973.9,148.22
7,2005,11,25.4,26.05,25.69,4,22.6,18.29,29.3,82.57,7.45,1.72,101193.52,183.42
7,2005,12,21.12,22.16,22.09,0,19.09,13.59,27.13,79.58,8.21,1.98,101310.21,176.42
7,2006,1,19.2,20.26,20.08,0,16.9,11.5,24.48,80.52,6.63,2.1,101350.85,193.9
7,2006,2,23.54,23.33,22.2,0,23.02,17.41,30.38,75.71,7.63,2.06,101079.91,216.95
7,2006,3,27.52,27.2,25.65,0,25.38,19.06,32.83,64.03,8.51,2.18,100853.36,253.27
7,2006,4,29.86,29.38,27.81,96,27.38,22.33,33.37,76.57,7.48,2.57,100574.14,233.84
7,2006,5,30.69,30.48,29.25,245,28.31,24.09,33.86,78,6.81,2.31,100370.38,206.88
7,2006,6,30.79,30.34,29.14,339,28.54,25.75,32.75,86.43,2.14,2.71,100110.22,189.9
7,2006,7,31.51,30.95,29.68,250,29.02,26.42,32.69,84.23,4.59,3.33,99913.41,167.26
7,2006,8,31.75,31.18,30,169,28.86,25.9,32.98,83.19,5.76,3.13,100135.7,184.82
7,2006,9,30.27,30.01,29.09,369,28.22,25.51,32.36,85.33,5.31,2.47,100525.01,178.23
7,2006,10,29.68,29.74,28.73,56,27.16,23.68,32.9,82.97,6.69,1.4,101024.81,194.27
7,2006,11,25.64,26.46,26.3,0,22.95,18.81,29.43,80.6,6.18,1.78,101223.89,171.76
7,2006,12,20.7,21.95,21.85,0,19,13.46,26.44,80.26,6.8,1.74,101436.27,170.04
7,2007,1,19.6,20.44,19.95,0,15.96,10.05,23.89,80.65,6.78,2,101524.39,194.71
7,2007,2,21.4,22.05,21.24,48,19.66,15.05,25.78,78.89,5.9,1.67,101309.61,182.59
7,2007,3,24.98,25.17,24.05,24,23.16,12.94,25.61,76.45,8.3,1.83,100979.54,256.89
7,2007,4,28.97,28.68,27.26,60,27.42,17.13,30.29,73.8,7.2,2.88,100669.32,233.65
7,2007,5,30.22,29.93,28.36,67,29.42,22.68,33.33,72.97,7.64,2.36,100283.21,237.12
7,2007,6,29.93,29.92,28.65,660,28.37,18.98,29.63,80.7,4.9,3.38,100035.39,152.65
7,2007,7,30.2,30.06,28.84,609,28.23,24.86,35.11,83.9,3.37,3.5,99959.38,145.43
7,2007,8,30.27,30.24,28.91,274,29.06,25.38,32.7,82.03,4.93,2.65,100041.08,182.17
7,2007,9,30.43,30.15,28.71,254,28.69,25.72,31.93,65.87,3.75,2.47,100293.71,145.8
7,2007,10,28.9,28.81,27.56,173,27.02,26.62,32.6,69.74,6.97,1.46,100771.63,171
7,2007,11,25.37,25.7,24.65,89,23.36,26.07,32.72,71.33,7.83,1.85,101148.12,165.8
7,2007,12,20.26,20.93,20.58,0,18.18,23.48,31.95,78.32,6,1.84,101323.32,173.16
7,2008,1,18.95,19.53,19.65,16,17.32,12.51,24.03,81.48,5.6,1.98,101292.67,168.63
7,2008,2,21.18,21.23,20.81,61,18.21,12.89,24.96,82.76,6.9,1.82,101281.98,211.13
7,2008,3,27.6,26.89,25.49,55,25.02,20.14,31.03,86.19,6.62,2.12,100787.17,232.52
7,2008,4,31,30.28,28.72,12,28.09,23.22,34,78.33,8.52,2.52,100519.78,268.38
7,2008,5,30.78,30.39,29.43,239,28.56,23.93,34.35,70.19,7.71,2.31,100185.3,220.78
7,2008,6,29.82,29.62,28.95,241,28.42,25.71,32.57,70.27,4.4,3.21,99977.62,142.07
7,2008,7,30.76,30.18,29.29,511,28.25,25.85,31.68,82.42,3.25,3.07,99959,149.08
7,2008,8,30.3,29.96,29.33,242,28.8,26.4,32.32,85.81,3.88,3.01,100117.72,161.13
7,2008,9,30.19,29.9,29.25,114,28.95,26.17,33,83.57,6.14,2.16,100391.57,168.13
7,2008,10,27.3,27.53,27.38,365,26.31,22.96,31.31,86.9,6.41,1.92,100880.87,174.48
7,2008,11,23.54,24.06,23.98,0,22.5,17.41,29.57,85.7,8.51,1.53,101170.89,188.36
7,2008,12,20.3,20.98,21.44,0,19.67,15.86,25.33,84.1,3.15,1.43,101326.53,146.05
7,2009,1,20.23,20.54,20.39,0,17.67,12.89,24.51,73.13,3.44,1.74,101426.82,178.13
7,2009,2,24.49,23.86,22.69,0,20.71,14.18,28.88,79.54,8.17,2.33,101042.72,230.05
7,2009,3,27.75,27.06,25.78,0,24.95,18.79,32.49,83.97,7.19,2.16,100862.68,252.23
7,2009,4,30.67,30,28.87,60,28.97,23.98,35.35,81.93,7.75,2.78,100480.13,260.93
7,2009,5,30.35,30,29.08,217,28.26,23.78,33.74,85.26,6.53,2.52,100282.88,209.53
7,2009,6,26.68,26.68,26.09,178,29.76,25.42,35.12,84.73,7.08,3.12,99926.69,200.83
7,2009,7,30.34,30.25,28.88,251,29.11,26.15,33.15,84.23,5.23,3.31,99885.61,175
7,2009,8,30.35,30.17,28.82,384,28.64,25.87,32.94,80,3.49,2.59,100197.58,147.21
7,2009,9,30.25,30.17,28.83,221,28.71,26,33.16,82.6,4.25,2.43,100370.78,162.8
7,2009,10,28.62,28.59,27.46,80,27.16,23.49,32.81,85.94,6.92,1.87,100795.96,179.4
7,2009,11,24.99,25.35,24.51,0,23.33,18.85,30.13,85.23,6.56,1.65,101156.07,174.51
7,2009,12,20.3,21,20.39,0,18.11,12.9,25.79,85.06,4.38,1.65,101394.59,170.96
7,2010,1,19.42,19.75,19.28,0,15.55,10.38,23.16,85,4.97,2.14,101483.04,192.58
7,2010,2,23.85,23.29,22.01,3,19.9,13.53,28.03,75.14,7.61,1.98,101204.88,217.68
7,2010,3,29.19,28.24,26.51,23,26.61,20.34,34.38,70.13,8.08,2.78,100783.76,253.16
7,2010,4,31.14,30.61,29.13,92,29.62,24.7,35.21,74.1,7.83,3.74,100487.82,242.4
7,2010,5,30.89,30.43,29.27,317,29.15,24.64,34.62,76.03,6.98,3.15,100235.59,195.46
7,2010,6,30.87,30.42,29.27,320,28.94,25.68,33.44,79.83,3.9,3.31,100064.37,155.39
7,2010,7,31.54,30.93,29.61,246,29.34,26.3,33.35,86.52,4.91,3.24,100180.14,181.94
7,2010,8,27.48,27.43,26.56,208,29.14,26.43,33.24,86.84,4.58,2.58,100292.06,183.91
7,2010,9,29.94,29.86,28.63,157,28.59,25.99,32.89,84.27,4.36,2.23,100474.38,163.07
7,2010,10,29.32,29.35,28.13,319,27.67,24.26,32.7,82,6.2,1.69,100629.49,171.71
7,2010,11,25.65,25.99,25.12,3,24.05,19.53,30.4,81.27,7.42,1.64,101088.73,166.41
7,2010,12,20.88,21.63,20.98,62,18.4,13.33,25.94,82,6.12,1.88,101081.23,158.74
7,2011,1,18.76,19.44,19.16,3,15.35,10.09,22.74,82.87,5.15,1.91,101268.7,189.84
7,2011,2,22.95,22.73,21.54,0,20.18,14.09,28.09,74.25,7.13,1.99,101119.33,217.94
7,2011,3,26.58,26.08,24.96,48,24.83,19.25,31.72,66.68,8.1,2.61,100830.29,236.97
7,2011,4,29.18,28.49,27.44,68,26.64,21.7,33.3,70.2,7.66,1.92,100774.64,252.61
7,2011,5,30.49,29.85,28.7,194,27.93,23.35,33.4,74.13,6.53,2.51,100337.39,181.57
7,2011,6,30.24,29.92,29.15,269,29.08,25.98,33.33,78.37,4.98,3.2,99892.83,157.51
7,2011,7,30.75,30.46,29.63,297,28.79,26.24,32.67,85.41,4.22,2.82,100053.74,172.02
7,2011,8,30.69,30.22,29.3,738,28.26,26.16,31.51,83.9,3.2,2.94,100174.1,136.07
7,2011,9,30.78,30.36,29.49,173,28.82,26.14,32.94,85.37,5.96,2.81,100252.96,167.44
7,2011,10,27.96,28.47,27.85,49,27.79,24.24,33.27,84.03,7.78,1.37,100834.01,196
7,2011,11,24.17,24.93,24.48,0,22.53,17.68,29.59,79.93,6.87,1.67,101198.05,181.6
7,2011,12,20.49,21.47,21.33,0,17.67,13.56,24,80.58,4.58,1.77,101333.26,161.69
7,2012,1,19.36,20.21,19.75,10,17.03,12.25,23.86,83.42,5.38,1.9,101381.58,156.2
7,2012,2,23.96,23.88,22.29,0,19.64,13.07,28.05,75.17,7.97,2.16,101064.72,225.2
7,2012,3,28.4,28.21,26.32,2,25.23,18.76,32.89,71.35,8.22,2.15,100824.66,260.6
7,2012,4,30.12,29.43,28,106,27.6,22.7,33.78,64.93,7.5,2.86,100570.19,229.24
7,2012,5,31.82,31.3,29.85,171,29.41,24.66,35.27,77.68,7.98,2.56,100206.45,247.25
7,2012,6,31.17,30.85,29.53,246,29.28,26.16,33.44,79.73,3.73,3.8,99713.83,187.2
7,2012,7,31.56,31.1,29.7,241,28.86,26.3,32.77,82.26,4.43,3.56,99890.88,168.92
7,2012,8,31.64,31.05,29.78,203,28.92,26.35,32.52,84.29,5.12,2.74,100130.04,171.87
7,2012,9,30.83,30.51,29.43,320,28.7,26.01,32.77,83.4,4.42,2.48,100476.85,158.58
7,2012,10,27.82,28.18,27.49,75,26.96,23.18,32.17,83.52,6.93,1.8,100961.68,186.54
7,2012,11,22.74,23.67,23.45,94,22.11,17.68,28.57,80.87,6.81,1.72,101137.28,161.96
7,2012,12,19.24,20.4,20.18,1,16.96,13.05,22.9,78,3.75,1.79,101295.84,168.61
7,2013,1,18.97,19.55,18.82,0,15.55,9.79,23.7,84.61,5.15,2.03,101480.95,186.61
7,2013,2,22.77,22.86,21.35,13,20.22,14.1,28.09,79,7.07,2.31,101297.84,212.66
7,2013,3,28.64,27.93,25.66,3,25.58,19.21,32.83,70.55,7.83,2.11,100945.03,257.19
7,2013,4,29.57,29.29,27.65,48,28.1,22.83,34.46,65.3,6.53,2.49,100579.67,247.66
7,2013,5,30.32,29.87,28.17,282,27.82,24.13,32.17,67.16,3.89,3.42,100233.11,147.87
7,2013,6,32.26,31.53,29.72,220,29.71,26.24,34.38,78.13,4.81,2.51,99985.54,201.07
7,2013,7,31.91,31.28,29.63,122,29.26,26.38,33.3,86.58,4.74,3.57,99923.25,178.26
7,2013,8,30.82,30.35,28.98,237,28.58,26,32.55,83.42,3.89,2.88,100178.09,155.04
7,2013,9,30.78,30.31,28.9,117,28.97,25.91,33.34,81.53,4.55,2.02,100404.89,171.77
7,2013,10,28.22,28.37,27.33,128,26.75,23.34,31.49,82.9,4.77,1.77,100937.06,151.89
7,2013,11,23.31,24.02,23.46,0,22.13,16.06,30.31,77.77,8.43,1.96,101238.29,194.94
7,2013,12,19.32,20.49,20.13,2,18.38,13.34,25.75,83.26,4.65,1.7,101369.67,165.2
7,2014,1,19.96,20.45,19.43,0,16.49,11.34,23.44,83.71,4.81,2.01,101603.72,180.83
7,2014,2,22.1,22.08,20.71,24,19.21,13.46,26.27,76.36,6.46,2.11,101234.51,206.14
7,2014,3,27.9,27.15,24.75,23,25.1,18.17,32.55,70.79,8.75,2.18,101104.08,254.4
7,2014,4,31.08,30.47,28.11,47,29.42,23.02,36.54,72.47,8.76,2.2,100695.9,275.21
7,2014,5,31.65,31.08,29.2,127,29.51,24.63,35.38,77.03,7.03,3.12,100410.48,240.41
7,2014,6,31.1,30.68,28.96,585,29.22,25.67,33.33,78.47,3.53,2.72,99865.15,162.41
7,2014,7,31.63,31,29.26,239,29.25,26.24,32.9,85.16,4.19,3.46,99940.59,171.02
7,2014,8,30.73,30.16,28.64,234,28.87,25.9,32.65,83.97,4,2.89,100184.98,154.1
7,2014,9,30.59,30.27,28.67,320,28.98,25.63,33.1,82.73,5.75,2.34,100484.46,178.4
7,2014,10,27.87,28.09,26.86,41,27,22.63,32.25,81,7.16,1.45,101048.88,188.03
7,2014,11,23.07,23.77,23.3,0,22.8,17.06,30.13,78.07,6.16,1.66,101170.38,183.22
7,2014,12,20.05,20.73,20.32,0,17.62,12.7,24.11,81,3.52,1.7,101428.09,154.01
7,2015,1,19.54,19.94,19.33,0,17.34,11.91,24.21,78.61,5.2,1.99,101520.59,169.12
7,2015,2,24.32,23.71,22.35,8,20.97,14.69,27.99,79.25,6.51,1.91,101354.66,205.54
7,2015,3,27.65,26.92,25.55,14,24.74,18.08,31.83,69.16,8.59,2.06,101197.92,246.59
7,2015,4,29.35,28.82,27.69,253,26.59,21.06,32.56,74.23,6.52,2.45,100812.92,204.57
7,2015,5,31.1,30.56,29.59,158,29.06,23.48,34.06,72.84,6.83,2.59,100426.15,204.32
7,2015,6,30.52,30.15,29.29,498,28.96,25.23,32.9,79.67,4.19,3.35,100078.46,169.58
7,2015,7,30.39,29.82,29.03,408,28.73,25.23,32.47,82.45,3.51,2.95,99934.6,133.09
7,2015,8,30.61,30.07,29.28,318,28.99,25.85,32.61,83.26,2.55,2.88,100228,153.13
7,2015,9,30.66,30.03,29.34,185,29.38,25.56,33.43,82.6,5.17,2.05,100498.45,171.26
7,2015,10,28.12,28.19,27.52,26,27.45,22.77,32.89,84.1,7.27,1.56,101035.7,189.53
7,2015,11,24.54,24.77,23.99,0,23.79,18.04,30.46,77.77,7.38,1.55,101275.84,175.38
7,2015,12,20.53,21,20.35,3,18.72,13.34,25.35,71.32,3.64,1.69,101509.64,149.82
7,2016,1,20.15,20.29,18.99,8,17.27,11.25,24.47,72.61,4.93,1.74,101516.65,167.97
7,2016,2,25.61,24.78,22.66,15,22.52,16.53,29.26,76.83,6.14,1.79,101361.26,202.22
7,2016,3,27.37,26.76,24.68,26,25.96,19.9,32.86,80.39,6.33,2.21,101053.11,223.96
7,2016,4,31.08,30.27,28.07,45,30.09,24.84,35.49,72.87,6.51,3.43,100453.63,237.98
7,2016,5,30.1,29.66,28.02,182,28.22,23.61,33.84,69.26,4.97,2.59,100398.72,199.86
7,2016,6,30.84,30.36,28.22,126,29.58,25.58,33.89,76.87,4.81,2.49,100238.24,198.36
7,2016,7,30.52,30.09,28.04,359,28.87,25.54,32.59,81,2.94,3.25,100126.3,147.12
7,2016,8,30.51,30.15,28.38,101,29.65,25.91,33.62,80.68,5.6,3.2,100075.88,182.96
7,2016,9,30.1,29.61,27.72,141,28.91,25.35,33.24,83.47,4.46,1.94,100411,164.21
7,2016,10,28.34,28.01,26.43,124,28.01,24.27,33.22,82.84,6.53,1.72,100695.89,172.08
7,2016,11,23.35,23.66,22.82,4,23.49,18.64,30.07,84.7,7.15,1.52,101135.98,168.66
7,2016,12,20.57,20.96,20.35,0,19.69,14.82,27.39,84.74,5.81,1.77,101319.06,161.22
7,2017,1,22.08,21.94,20.5,0,17.7,11.95,25.78,83.58,6.28,2.2,101445.14,185.7
7,2017,2,24.19,23.99,22.58,1,21.39,15.4,29.14,80.64,7.01,2.13,101318.79,217.24
7,2017,3,28.11,27.45,25.7,61,24.16,18.77,30.14,78,5.68,2.2,100954.76,207.64
7,2017,4,29.94,28.96,27.37,256,27.39,22.64,32.92,76.73,5.73,2.95,100627,211.95
7,2017,5,30.58,29.7,28.58,242,29.26,24.77,34.48,81.71,6.83,2.17,100444.47,208.22
7,2017,6,30.84,30.4,28.85,272,29.1,25.83,33.36,86.07,4.62,2.82,100038.66,169.14
7,2017,7,30.23,29.9,28.55,503,28.79,26.2,32.5,84.97,3.36,3.1,100051.25,146.39
7,2017,8,30.79,29.78,28.76,469,29.44,26.72,33.25,85.23,3.31,2.51,100198.37,160.85
7,2017,9,29.55,29.18,28.11,290,29.35,26.46,33.73,85.07,3.63,1.97,100483.51,151.02
7,2017,10,28.3,28.38,27.35,376,27.65,24.24,32.47,85.35,5.34,2.06,100758.87,168.11
7,2017,11,24.79,25.15,24.39,17,23.14,18.35,30.02,84.93,7.42,1.82,101161.34,177.15
7,2017,12,20.88,21.45,21.17,46,19.76,15.31,26.43,84.42,5.97,1.76,101393.4,154.14
7,2018,1,18.89,19.03,18.39,0,15.27,10.03,22.88,79.35,6.46,1.94,101269.73,177.45
7,2018,2,23.13,22.76,21.34,40,21.29,15.54,28.61,71.43,6.06,1.8,101269.43,208.61
7,2018,3,26.69,26.01,24.34,24,25.78,20.11,32.82,69.9,7.05,2.15,100904.79,245.2
7,2018,4,24.55,24.47,23.31,211,26.46,21.82,31.98,73.43,6.87,2.08,100773.71,220.26
7,2018,5,29.27,29.2,27.83,319,27.24,23.31,32.01,73.63,4.87,2.54,100523.54,178.63
7,2018,6,30.36,30.13,28.67,235,29.49,25.74,34,80,4.62,2.52,99957.68,194.69
7,2018,7,30.35,30.32,28.9,319,29.3,26.53,33.1,83.06,3.71,3.35,99873.53,167.28
7,2018,8,30.58,30.42,28.99,184,29.69,26.91,33.32,79.97,4.47,2.91,99973.03,182.92
7,2018,9,30.36,30.24,28.84,202,29.32,25.98,33.5,80.3,5.13,2.37,100548.02,192.08
7,2018,10,28.18,28.33,27.17,77,26.65,22.95,31.55,82.19,6.09,1.71,101078.74,182.87
7,2018,11,24.59,25.04,24.27,5,23.19,18.12,30,82.07,8.13,1.54,101302.07,182.56
7,2018,12,20.87,21.51,20.92,23,18.65,13.45,25.69,79.52,7.01,2.03,101449.02,155.84
7,2019,1,19.48,19.78,18.68,0,17.86,11.59,26.28,86.06,7.23,2.1,101567.26,187.95
7,2019,2,21.76,21.64,20.02,30,20.45,14.49,28.14,75.29,6.75,2.12,101380.89,202.75
7,2019,3,26.18,25.44,23.44,36,24.5,18.87,30.95,72.71,7.52,2,101071.59,233.42
7,2019,4,29.73,28.7,26.49,198,27.39,22.26,33.14,65.83,7.32,2.21,100770.42,220.63
7,2019,5,30.73,29.99,27.94,295,29.6,24.43,34.83,78.77,7.17,3.16,100373.42,214.36
7,2019,6,31.61,30.9,28.8,327,29.61,25.27,34.1,81.33,0.12,2.71,100087.72,188.44
7,2019,7,31.1,30.4,28.45,483,29.34,25.74,33.45,83.39,0,3.34,99998.59,168.74
7,2019,8,31.7,30.97,28.94,159,30.15,26.6,34.19,82.87,0,2.78,100057.21,185.24
7,2019,9,29.98,29.66,28.01,148,29.01,25.87,33.18,84.3,0,2.44,100624.73,161.61
7,2019,10,27.39,27.31,25.85,151,26.87,23.18,31.86,82.87,0,1.61,101030.6,164.22
7,2019,11,23.35,23.54,22.55,20,23.97,19.27,30,79.6,0,1.54,101193.41,160.02
7,2019,12,19.28,19.96,19.08,6,18.02,13.3,24.22,81.29,0,1.88,101555.77,158.12
7,2020,1,18.39,18.74,17.64,28,17.32,11.75,22.95,76.19,3.92,1.82,101501.98,160.91
7,2020,2,21.52,21.28,19.6,1,19.91,13.41,26.41,77.54,6.41,1.91,101480.27,204.23
7,2020,3,25.97,25.22,23.12,27,24.78,18.21,31.35,69.23,7.78,2,101091.58,239.71
7,2020,4,27.95,27.42,25.4,222,27.29,21.35,33.23,63.3,6.79,2.05,100882.26,227.57
7,2020,5,30.07,29.3,27.28,399,28.01,23.08,32.95,67.84,5.41,2.57,100502.95,192.51
7,2020,6,30.77,30.23,28.24,287,29.46,25.37,33.54,78.07,4.46,2.91,100203.34,167.31
7,2020,7,30.49,30.06,28.27,459,29.47,25.8,33.15,83.42,3.39,2.96,100196.04,157.69
7,2020,8,30.89,30.41,29.08,136,29.97,26.04,33.91,83.61,4.96,3.19,100043.28,174.07
7,2020,9,30.31,29.93,28.21,215,29.47,25.26,33.67,80.5,3.69,2.29,100402.95,164
7,2020,10,28.9,28.81,27.38,166,28.76,24.45,33.08,81.13,5.81,1.56,100628.7,168.4
7,2020,11,24.42,24.79,23.74,0,24.25,17.95,30.55,77.03,7.18,1.74,101331.63,184.62
7,2020,12,20.48,21.05,20.1,0,18.87,12.68,25.06,79.06,5.44,1.72,101402.11,165.74
7,2021,1,19.74,20.12,18.89,0,18.46,12.18,24.74,81.1,5.13,1.9,101341.91,179.11
7,2021,2,23.15,22.58,20.84,0,21.31,13.98,28.65,79,7.03,2.05,101269.45,221.12
7,2021,3,27.01,26.34,24.33,8,27.4,20.91,33.89,66.19,6.38,1.96,100916.64,255.3
7,2021,4,29.63,28.87,27.06,61,29.47,23.41,35.52,72.17,7.27,2.17,100753.19,274.66
7,2021,5,30.48,29.79,27.83,200,29.44,24.18,34.71,78.42,7.01,2.23,100478.21,208.52
7,2021,6,29.96,29.35,27.74,546,28.92,25.07,32.77,78.7,4.43,3.19,100133.06,149.6
7,2021,7,30.98,30.19,28.27,171,29.23,25.62,32.84,77.77,3.06,2.93,100048.4,166.82
7,2021,8,30.75,30.21,28.31,460,29.23,25.43,33.03,79.87,2.99,2.53,100285.28,160.25
7,2021,9,31.17,30.68,28.82,115,29.48,25.41,33.56,81.43,5.02,2.04,100503.33,181.31
7,2021,10,28.86,28.72,27.44,221,28.42,23.61,33.23,79.66,5.82,1.82,100767.82,170.17
7,2021,11,24.32,24.67,23.68,11,23.17,16.68,29.67,77.6,6.91,1.66,101173.71,177.52
7,2021,12,20.81,21.31,20.52,38,20.38,14.47,26.29,79.16,5.47,1.83,101532.1,150.09
7,2022,1,20.07,20.54,19.41,16,18.38,12.93,23.84,77.39,5.06,1.91,101412.79,160.54
7,2022,2,22.5,22.11,20.38,42,19.88,13.83,25.92,78.25,6.95,2.06,101271.75,195.93
7,2022,3,27.59,26.7,24.56,0,27,20.57,33.43,76.87,7.65,2.44,100825.01,252.13
7,2022,4,30.1,29.31,27.17,101,29.6,25,34.2,77.03,4.31,3.13,100602.19,218.59
7,2022,5,29.86,29.48,27.54,313,28.9,24.68,33.12,78.55,4.58,2.58,100286.95,203.23
7,2022,6,30.45,30.02,28.05,235,29.73,26,33.47,76.73,2.84,3.34,100167.14,170.59
7,2022,7,32.03,31.6,29.75,105,30.81,27.15,34.47,77.65,5.82,2.74,100209.1,201.67
7,2022,8,31.46,31.1,29.23,208,30.31,26.57,34.04,78,5.54,2.87,100213.52,191.49
7,2022,9,30.54,30.39,28.6,309,29.55,26.05,33.05,76.63,3.4,2.04,100513.85,166.55
7,2022,10,28.42,28.6,27.11,306,28.2,23.99,32.41,77.52,6.66,1.96,100949.97,175.9
7,2022,11,25.09,25.5,24.31,0,24.52,18.48,30.56,78.2,8.36,1.82,101196.48,185.67
7,2022,12,21.63,21.92,20.77,9,20.72,14.92,26.51,76.71,6.46,1.78,101287.57,169.25
